2024-11-01 22:51:04,066 - INFO - ('Current icons color ', None, 'New icons color', '#FFFFFF')
2024-11-01 22:51:04,067 - INFO - Generating icons for your theme, please wait. This may take long
2024-11-01 22:51:04,642 - INFO - ('DONE: Current icons color ', '#FFFFFF')
2024-11-01 22:51:20,777 - INFO - Checking icons for Default-theme theme. Icons color: #FFFFFF
2024-11-01 22:51:21,276 - INFO - Checking icons for Default-theme theme. Icons color: #FFFFFF
2024-11-01 22:51:21,757 - INFO - Checking icons for qt designer app.
2024-11-01 22:51:22,226 - INFO - all icons have been checked and missing icons generated!
2024-11-02 01:56:27,094 - INFO - Checking icons for Default-theme theme. Icons color: #FFFFFF
2024-11-02 01:56:27,841 - INFO - Checking icons for Default-theme theme. Icons color: #FFFFFF
2024-11-02 01:56:28,299 - INFO - Checking icons for qt designer app.
2024-11-02 01:56:28,772 - INFO - all icons have been checked and missing icons generated!
2024-11-02 01:57:27,299 - INFO - Checking icons for Default-theme theme. Icons color: #FFFFFF
2024-11-02 01:57:27,829 - INFO - Checking icons for Default-theme theme. Icons color: #FFFFFF
2024-11-02 01:57:28,310 - INFO - Checking icons for qt designer app.
2024-11-02 01:57:28,775 - INFO - all icons have been checked and missing icons generated!
2024-11-02 02:08:52,959 - INFO - Checking icons for Default-theme theme. Icons color: #FFFFFF
2024-11-02 02:08:53,495 - INFO - Checking icons for Default-theme theme. Icons color: #FFFFFF
2024-11-02 02:08:53,999 - INFO - Checking icons for qt designer app.
2024-11-02 02:08:54,457 - INFO - all icons have been checked and missing icons generated!
2024-11-02 02:10:35,619 - INFO - Checking icons for Default-theme theme. Icons color: #FFFFFF
2024-11-02 02:10:36,140 - INFO - Checking icons for Default-theme theme. Icons color: #FFFFFF
2024-11-02 02:10:36,636 - INFO - Checking icons for qt designer app.
2024-11-02 02:10:37,093 - INFO - all icons have been checked and missing icons generated!
2024-11-02 02:11:59,073 - INFO - Checking icons for Default-theme theme. Icons color: #FFFFFF
2024-11-02 02:11:59,612 - INFO - Checking icons for Default-theme theme. Icons color: #FFFFFF
2024-11-02 02:12:00,083 - INFO - Checking icons for qt designer app.
2024-11-02 02:12:00,550 - INFO - all icons have been checked and missing icons generated!
2024-11-02 02:12:47,333 - INFO - Checking icons for Default-theme theme. Icons color: #FFFFFF
2024-11-02 02:12:47,848 - INFO - Checking icons for Default-theme theme. Icons color: #FFFFFF
2024-11-02 02:12:48,356 - INFO - Checking icons for qt designer app.
2024-11-02 02:12:48,824 - INFO - all icons have been checked and missing icons generated!
2024-11-02 02:13:34,057 - INFO - Checking icons for Default-theme theme. Icons color: #FFFFFF
2024-11-02 02:13:34,629 - INFO - Checking icons for Default-theme theme. Icons color: #FFFFFF
2024-11-02 02:13:35,133 - INFO - Checking icons for qt designer app.
2024-11-02 02:13:35,606 - INFO - all icons have been checked and missing icons generated!
2024-11-02 02:13:41,419 - INFO - Checking icons for Default-theme theme. Icons color: #FFFFFF
2024-11-02 02:13:41,927 - INFO - Checking icons for Default-theme theme. Icons color: #FFFFFF
2024-11-02 02:13:42,410 - INFO - Checking icons for qt designer app.
2024-11-02 02:13:42,868 - INFO - all icons have been checked and missing icons generated!
2024-11-02 02:15:03,402 - INFO - Checking icons for Default-theme theme. Icons color: #FFFFFF
2024-11-02 02:15:03,948 - INFO - Checking icons for Default-theme theme. Icons color: #FFFFFF
2024-11-02 02:15:04,411 - INFO - Checking icons for qt designer app.
2024-11-02 02:15:04,893 - INFO - all icons have been checked and missing icons generated!
2024-11-02 02:17:00,233 - INFO - Checking icons for Default-theme theme. Icons color: #FFFFFF
2024-11-02 02:17:00,789 - INFO - Checking icons for Default-theme theme. Icons color: #FFFFFF
2024-11-02 02:17:01,264 - INFO - Checking icons for qt designer app.
2024-11-02 02:17:01,730 - INFO - all icons have been checked and missing icons generated!
2024-11-02 02:27:50,480 - INFO - Checking icons for Default-theme theme. Icons color: #FFFFFF
2024-11-02 02:27:50,971 - INFO - Checking icons for Default-theme theme. Icons color: #FFFFFF
2024-11-02 02:27:51,448 - INFO - Checking icons for qt designer app.
2024-11-02 02:27:52,067 - INFO - all icons have been checked and missing icons generated!
2024-11-02 09:22:13,462 - INFO - Checking icons for Default-theme theme. Icons color: #FFFFFF
2024-11-02 09:22:14,502 - INFO - Checking icons for Default-theme theme. Icons color: #FFFFFF
2024-11-02 09:22:15,092 - INFO - Checking icons for qt designer app.
2024-11-02 09:22:15,624 - INFO - all icons have been checked and missing icons generated!
2024-11-02 09:43:54,707 - INFO - Checking icons for Default-theme theme. Icons color: #FFFFFF
2024-11-02 09:43:55,241 - INFO - Checking icons for Default-theme theme. Icons color: #FFFFFF
2024-11-02 09:43:55,727 - INFO - Checking icons for qt designer app.
2024-11-02 13:39:54,174 - INFO - Checking icons for Default-theme theme. Icons color: #FFFFFF
2024-11-02 13:39:54,923 - INFO - Checking icons for Default-theme theme. Icons color: #FFFFFF
2024-11-02 13:39:55,372 - INFO - Checking icons for qt designer app.
2024-11-02 13:39:55,903 - INFO - all icons have been checked and missing icons generated!
2024-11-02 13:49:55,205 - INFO - Checking icons for Default-theme theme. Icons color: #FFFFFF
2024-11-02 13:49:56,186 - INFO - Checking icons for Default-theme theme. Icons color: #FFFFFF
2024-11-02 13:49:56,823 - INFO - Checking icons for qt designer app.
2024-11-02 13:49:57,372 - INFO - all icons have been checked and missing icons generated!
2024-11-02 13:52:04,254 - INFO - Checking icons for Default-theme theme. Icons color: #FFFFFF
2024-11-02 13:52:04,810 - INFO - Checking icons for Default-theme theme. Icons color: #FFFFFF
2024-11-02 13:52:05,291 - INFO - Checking icons for qt designer app.
2024-11-02 13:52:05,758 - INFO - all icons have been checked and missing icons generated!
2024-11-06 20:37:15,114 - INFO - Checking icons for Default-theme theme. Icons color: #FFFFFF
2024-11-06 20:37:15,909 - INFO - Checking icons for Default-theme theme. Icons color: #FFFFFF
2024-11-06 20:37:16,422 - INFO - Checking icons for qt designer app.
2024-11-06 20:37:16,911 - INFO - all icons have been checked and missing icons generated!
2024-11-16 08:23:35,519 - INFO - Checking icons for Default-theme theme. Icons color: #FFFFFF
2024-11-16 08:23:36,133 - INFO - Checking icons for Default-theme theme. Icons color: #FFFFFF
2024-11-16 08:23:36,594 - INFO - Checking icons for qt designer app.
2024-11-16 08:23:37,200 - INFO - all icons have been checked and missing icons generated!
2024-11-16 08:25:23,230 - INFO - Checking icons for Default-theme theme. Icons color: #FFFFFF
2024-11-16 08:25:23,710 - INFO - Checking icons for Default-theme theme. Icons color: #FFFFFF
2024-11-16 08:25:24,164 - INFO - Checking icons for qt designer app.
2024-11-16 08:25:24,661 - INFO - all icons have been checked and missing icons generated!
2024-11-16 08:51:25,526 - INFO - Checking icons for Default-theme theme. Icons color: #FFFFFF
2024-11-16 08:51:26,010 - INFO - Checking icons for Default-theme theme. Icons color: #FFFFFF
2024-11-16 08:51:26,477 - INFO - Checking icons for qt designer app.
2024-11-16 08:51:26,963 - INFO - all icons have been checked and missing icons generated!
2024-11-16 09:51:58,030 - INFO - Checking icons for Default-theme theme. Icons color: #FFFFFF
2024-11-16 09:51:58,521 - INFO - Checking icons for Default-theme theme. Icons color: #FFFFFF
2024-11-16 09:51:58,996 - INFO - Checking icons for qt designer app.
2024-11-16 09:51:59,611 - INFO - all icons have been checked and missing icons generated!
2024-11-16 09:59:23,736 - INFO - Checking icons for Default-theme theme. Icons color: #FFFFFF
2024-11-16 09:59:24,262 - INFO - Checking icons for Default-theme theme. Icons color: #FFFFFF
2024-11-16 09:59:24,731 - INFO - Checking icons for qt designer app.
2024-11-16 09:59:25,202 - INFO - all icons have been checked and missing icons generated!
2024-11-16 10:28:27,920 - INFO - Checking icons for Default-theme theme. Icons color: #FFFFFF
2024-11-16 10:28:28,725 - INFO - Checking icons for Default-theme theme. Icons color: #FFFFFF
2024-11-16 10:28:29,242 - INFO - Checking icons for qt designer app.
2024-11-16 10:28:29,855 - INFO - all icons have been checked and missing icons generated!
2024-11-16 18:02:44,009 - INFO - Checking icons for Default-theme theme. Icons color: #FFFFFF
2024-11-16 18:02:44,777 - INFO - Checking icons for Default-theme theme. Icons color: #FFFFFF
2024-11-16 18:02:45,243 - INFO - Checking icons for qt designer app.
2024-11-16 18:02:45,999 - INFO - all icons have been checked and missing icons generated!
2024-11-16 18:25:08,993 - INFO - ('Current icons color ', '#FFFFFF', 'New icons color', 'black')
2024-11-16 18:25:08,993 - INFO - Generating icons for your theme, please wait. This may take long
2024-11-16 18:25:57,702 - INFO - ('Current icons color ', 'black', 'New icons color', '#FFFFFF')
2024-11-16 18:25:57,702 - INFO - Generating icons for your theme, please wait. This may take long
2024-11-16 18:25:58,250 - INFO - ('DONE: Current icons color ', '#FFFFFF')
2024-11-16 18:44:46,061 - INFO - Checking icons for Default-theme theme. Icons color: #FFFFFF
2024-11-16 18:44:46,581 - INFO - Checking icons for Default-theme theme. Icons color: #FFFFFF
2024-11-16 18:44:47,181 - INFO - Checking icons for qt designer app.
2024-11-16 18:44:47,708 - INFO - all icons have been checked and missing icons generated!
2024-11-16 18:52:21,805 - INFO - Checking icons for Default-theme theme. Icons color: #FFFFFF
2024-11-16 18:52:22,378 - INFO - Checking icons for Default-theme theme. Icons color: #FFFFFF
2024-11-16 18:52:22,859 - INFO - Checking icons for qt designer app.
2024-11-16 18:52:23,424 - INFO - all icons have been checked and missing icons generated!
2024-11-17 15:45:27,403 - INFO - Checking icons for Default-theme theme. Icons color: #FFFFFF
2024-11-17 15:45:28,355 - INFO - Checking icons for Default-theme theme. Icons color: #FFFFFF
2024-11-17 15:45:28,815 - INFO - Checking icons for qt designer app.
2024-11-17 15:45:29,615 - INFO - all icons have been checked and missing icons generated!
2024-11-17 19:05:28,725 - INFO - Checking icons for Default-theme theme. Icons color: #FFFFFF
2024-11-17 19:05:29,737 - INFO - Checking icons for Default-theme theme. Icons color: #FFFFFF
2024-11-17 19:05:30,233 - INFO - Checking icons for qt designer app.
2024-11-17 19:05:30,951 - INFO - all icons have been checked and missing icons generated!
2024-11-17 19:12:24,096 - INFO - Checking icons for Default-theme theme. Icons color: #FFFFFF
2024-11-17 19:12:24,602 - INFO - Checking icons for Default-theme theme. Icons color: #FFFFFF
2024-11-17 19:12:25,119 - INFO - Checking icons for qt designer app.
2024-11-17 19:12:25,743 - INFO - all icons have been checked and missing icons generated!
2024-11-17 19:26:45,503 - INFO - Checking icons for Default-theme theme. Icons color: #FFFFFF
2024-11-17 19:26:46,315 - INFO - Checking icons for Default-theme theme. Icons color: #FFFFFF
2024-11-17 19:26:48,816 - INFO - Checking icons for qt designer app.
2024-11-17 19:26:49,732 - INFO - all icons have been checked and missing icons generated!
2024-11-17 19:31:00,375 - INFO - Checking icons for Default-theme theme. Icons color: #FFFFFF
2024-11-17 19:31:00,857 - INFO - Checking icons for Default-theme theme. Icons color: #FFFFFF
2024-11-17 19:31:01,318 - INFO - Checking icons for qt designer app.
2024-11-17 19:31:01,782 - INFO - all icons have been checked and missing icons generated!
2024-11-17 19:31:37,043 - INFO - Checking icons for Default-theme theme. Icons color: #FFFFFF
2024-11-17 19:31:37,543 - INFO - Checking icons for Default-theme theme. Icons color: #FFFFFF
2024-11-17 19:31:38,020 - INFO - Checking icons for qt designer app.
2024-11-17 19:31:38,480 - INFO - all icons have been checked and missing icons generated!
2024-11-17 19:32:11,833 - INFO - Checking icons for Default-theme theme. Icons color: #FFFFFF
2024-11-17 19:32:12,369 - INFO - Checking icons for Default-theme theme. Icons color: #FFFFFF
2024-11-17 19:32:12,884 - INFO - Checking icons for qt designer app.
2024-11-17 19:32:13,428 - INFO - all icons have been checked and missing icons generated!
2024-11-17 19:33:46,187 - INFO - Checking icons for Default-theme theme. Icons color: #FFFFFF
2024-11-17 19:33:46,854 - INFO - Checking icons for Default-theme theme. Icons color: #FFFFFF
2024-11-17 19:33:47,355 - INFO - Checking icons for qt designer app.
2024-11-17 19:33:47,865 - INFO - all icons have been checked and missing icons generated!
2024-11-17 19:48:53,276 - INFO - Checking icons for Default-theme theme. Icons color: #FFFFFF
2024-11-17 19:48:53,798 - INFO - Checking icons for Default-theme theme. Icons color: #FFFFFF
2024-11-17 19:48:54,272 - INFO - Checking icons for qt designer app.
2024-11-17 19:48:54,753 - INFO - all icons have been checked and missing icons generated!
2024-11-17 19:51:55,751 - INFO - Checking icons for Default-theme theme. Icons color: #FFFFFF
2024-11-17 19:51:56,315 - INFO - Checking icons for Default-theme theme. Icons color: #FFFFFF
2024-11-17 19:51:56,795 - INFO - Checking icons for qt designer app.
2024-11-17 19:51:57,275 - INFO - all icons have been checked and missing icons generated!
2024-11-17 19:54:05,863 - INFO - Checking icons for Default-theme theme. Icons color: #FFFFFF
2024-11-17 19:54:06,922 - INFO - Checking icons for Default-theme theme. Icons color: #FFFFFF
2024-11-17 19:54:07,374 - INFO - Checking icons for qt designer app.
2024-11-17 19:54:07,826 - INFO - all icons have been checked and missing icons generated!
2024-11-17 20:15:53,504 - INFO - Checking icons for Default-theme theme. Icons color: #FFFFFF
2024-11-17 20:15:54,017 - INFO - Checking icons for Default-theme theme. Icons color: #FFFFFF
2024-11-17 20:15:54,510 - INFO - Checking icons for qt designer app.
2024-11-17 20:15:54,969 - INFO - all icons have been checked and missing icons generated!
2024-11-17 20:17:20,235 - INFO - Checking icons for Default-theme theme. Icons color: #FFFFFF
2024-11-17 20:17:20,739 - INFO - Checking icons for Default-theme theme. Icons color: #FFFFFF
2024-11-17 20:17:21,209 - INFO - Checking icons for qt designer app.
2024-11-17 20:17:21,664 - INFO - all icons have been checked and missing icons generated!
2024-11-17 20:20:16,875 - INFO - Checking icons for Default-theme theme. Icons color: #FFFFFF
2024-11-17 20:20:17,393 - INFO - Checking icons for Default-theme theme. Icons color: #FFFFFF
2024-11-17 20:20:17,874 - INFO - Checking icons for qt designer app.
2024-11-17 20:20:18,411 - INFO - all icons have been checked and missing icons generated!
2024-11-17 20:39:04,340 - INFO - Checking icons for Default-theme theme. Icons color: #FFFFFF
2024-11-17 20:39:04,871 - INFO - Checking icons for Default-theme theme. Icons color: #FFFFFF
2024-11-17 20:39:05,355 - INFO - Checking icons for qt designer app.
2024-11-17 20:39:05,834 - INFO - all icons have been checked and missing icons generated!
2024-11-17 20:44:27,465 - INFO - Live monitoring Qss/scss/defaultStyle.scss file for changes
2024-11-17 20:44:27,539 - INFO - Live monitoring json-styles/style.json for changes
2024-11-17 20:44:27,797 - INFO - Checking icons for Default-theme theme. Icons color: #FFFFFF
2024-11-17 20:44:28,297 - INFO - Checking icons for Default-theme theme. Icons color: #FFFFFF
2024-11-17 20:44:28,761 - INFO - Checking icons for qt designer app.
2024-11-17 20:44:29,219 - INFO - all icons have been checked and missing icons generated!
2024-11-17 21:09:09,436 - INFO - Live monitoring Qss/scss/defaultStyle.scss file for changes
2024-11-17 21:09:09,478 - INFO - Live monitoring json-styles/style.json for changes
2024-11-17 21:09:10,673 - INFO - Checking icons for Default-theme theme. Icons color: #FFFFFF
2024-11-17 21:09:11,537 - INFO - Checking icons for Default-theme theme. Icons color: #FFFFFF
2024-11-17 21:09:11,995 - INFO - Checking icons for qt designer app.
2024-11-17 21:09:12,698 - INFO - all icons have been checked and missing icons generated!
2024-11-17 21:09:51,594 - INFO - Live monitoring Qss/scss/defaultStyle.scss file for changes
2024-11-17 21:09:51,596 - INFO - Live monitoring json-styles/style.json for changes
2024-11-17 21:09:51,845 - INFO - all icons have been checked and missing icons generated!
2024-11-17 21:22:27,269 - INFO - Live monitoring Qss/scss/defaultStyle.scss file for changes
2024-11-17 21:22:27,270 - INFO - Live monitoring json-styles/style.json for changes
2024-11-17 21:22:27,580 - INFO - all icons have been checked and missing icons generated!
2024-11-17 21:29:40,125 - INFO - Live monitoring Qss/scss/defaultStyle.scss file for changes
2024-11-17 21:29:40,127 - INFO - Live monitoring json-styles/style.json for changes
2024-11-17 21:29:40,409 - INFO - all icons have been checked and missing icons generated!
2024-11-17 21:36:23,294 - INFO - Live monitoring Qss/scss/defaultStyle.scss file for changes
2024-11-17 21:36:23,296 - INFO - Live monitoring json-styles/style.json for changes
2024-11-17 21:36:23,648 - INFO - all icons have been checked and missing icons generated!
2024-11-17 21:51:20,814 - INFO - Live monitoring Qss/scss/defaultStyle.scss file for changes
2024-11-17 21:51:20,815 - INFO - Live monitoring json-styles/style.json for changes
2024-11-17 21:51:21,110 - INFO - all icons have been checked and missing icons generated!
2024-11-17 21:53:36,195 - INFO - Live monitoring Qss/scss/defaultStyle.scss file for changes
2024-11-17 21:53:36,197 - INFO - Live monitoring json-styles/style.json for changes
2024-11-17 21:53:36,489 - INFO - all icons have been checked and missing icons generated!
2024-11-17 21:54:03,284 - INFO - Live monitoring Qss/scss/defaultStyle.scss file for changes
2024-11-17 21:54:03,285 - INFO - Live monitoring json-styles/style.json for changes
2024-11-17 21:54:03,562 - INFO - all icons have been checked and missing icons generated!
2024-11-17 21:54:20,294 - INFO - Live monitoring Qss/scss/defaultStyle.scss file for changes
2024-11-17 21:54:20,295 - INFO - Live monitoring json-styles/style.json for changes
2024-11-17 21:54:20,582 - INFO - all icons have been checked and missing icons generated!
2024-11-17 21:54:39,158 - INFO - Live monitoring Qss/scss/defaultStyle.scss file for changes
2024-11-17 21:54:39,159 - INFO - Live monitoring json-styles/style.json for changes
2024-11-17 21:54:39,475 - INFO - all icons have been checked and missing icons generated!
2024-11-17 21:56:50,935 - INFO - Live monitoring Qss/scss/defaultStyle.scss file for changes
2024-11-17 21:56:50,936 - INFO - Live monitoring json-styles/style.json for changes
2024-11-17 21:56:51,215 - INFO - all icons have been checked and missing icons generated!
2024-11-17 22:07:50,383 - INFO - Live monitoring Qss/scss/defaultStyle.scss file for changes
2024-11-17 22:07:50,384 - INFO - Live monitoring json-styles/style.json for changes
2024-11-17 22:07:50,616 - INFO - all icons have been checked and missing icons generated!
2024-11-17 22:08:34,360 - INFO - Checking icons for Default-theme theme. Icons color: #FFFFFF
2024-11-17 22:08:35,196 - INFO - Checking icons for Default-theme theme. Icons color: #FFFFFF
2024-11-17 22:08:35,656 - INFO - Checking icons for qt designer app.
2024-11-17 22:08:36,447 - INFO - all icons have been checked and missing icons generated!
2024-11-17 22:13:31,498 - INFO - Live monitoring Qss/scss/defaultStyle.scss file for changes
2024-11-17 22:13:31,499 - INFO - Live monitoring json-styles/style.json for changes
2024-11-17 22:13:31,744 - INFO - all icons have been checked and missing icons generated!
2024-11-17 22:14:47,375 - INFO - Live monitoring Qss/scss/defaultStyle.scss file for changes
2024-11-17 22:14:47,376 - INFO - Live monitoring json-styles/style.json for changes
2024-11-17 22:14:47,655 - INFO - all icons have been checked and missing icons generated!
2024-11-18 00:11:08,041 - INFO - Live monitoring Qss/scss/defaultStyle.scss file for changes
2024-11-18 00:11:08,079 - INFO - Live monitoring json-styles/style.json for changes
2024-11-18 00:11:09,230 - INFO - all icons have been checked and missing icons generated!
2024-11-18 00:11:44,653 - INFO - Live monitoring Qss/scss/defaultStyle.scss file for changes
2024-11-18 00:11:44,654 - INFO - Live monitoring json-styles/style.json for changes
2024-11-18 00:11:44,928 - INFO - all icons have been checked and missing icons generated!
2024-11-18 00:12:55,464 - INFO - Live monitoring Qss/scss/defaultStyle.scss file for changes
2024-11-18 00:12:55,465 - INFO - Live monitoring json-styles/style.json for changes
2024-11-18 00:12:55,690 - INFO - all icons have been checked and missing icons generated!
2024-11-18 00:14:12,568 - INFO - Live monitoring Qss/scss/defaultStyle.scss file for changes
2024-11-18 00:14:12,570 - INFO - Live monitoring json-styles/style.json for changes
2024-11-18 00:14:12,814 - INFO - all icons have been checked and missing icons generated!
2024-11-18 00:15:04,660 - INFO - Live monitoring Qss/scss/defaultStyle.scss file for changes
2024-11-18 00:15:04,661 - INFO - Live monitoring json-styles/style.json for changes
2024-11-18 00:15:42,341 - INFO - Live monitoring Qss/scss/defaultStyle.scss file for changes
2024-11-18 00:15:42,343 - INFO - Live monitoring json-styles/style.json for changes
2024-11-18 00:15:42,591 - INFO - all icons have been checked and missing icons generated!
2024-11-18 00:16:15,971 - INFO - Live monitoring Qss/scss/defaultStyle.scss file for changes
2024-11-18 00:16:15,972 - INFO - Live monitoring json-styles/style.json for changes
2024-11-18 00:16:16,252 - INFO - all icons have been checked and missing icons generated!
2024-11-18 00:17:58,550 - INFO - Live monitoring Qss/scss/defaultStyle.scss file for changes
2024-11-18 00:17:58,552 - INFO - Live monitoring json-styles/style.json for changes
2024-11-18 00:17:58,805 - INFO - all icons have been checked and missing icons generated!
2024-11-18 23:02:53,698 - INFO - Live monitoring Qss/scss/defaultStyle.scss file for changes
2024-11-18 23:02:53,757 - INFO - Live monitoring json-styles/style.json for changes
2024-11-18 23:02:54,891 - INFO - all icons have been checked and missing icons generated!
2024-11-18 23:03:32,364 - INFO - Live monitoring Qss/scss/defaultStyle.scss file for changes
2024-11-18 23:03:32,365 - INFO - Live monitoring json-styles/style.json for changes
2024-11-18 23:03:32,623 - INFO - all icons have been checked and missing icons generated!
2024-11-18 23:05:07,579 - INFO - Live monitoring Qss/scss/defaultStyle.scss file for changes
2024-11-18 23:05:07,580 - INFO - Live monitoring json-styles/style.json for changes
2024-11-18 23:05:07,762 - INFO - all icons have been checked and missing icons generated!
2024-11-18 23:11:42,572 - INFO - Live monitoring Qss/scss/defaultStyle.scss file for changes
2024-11-18 23:11:42,573 - INFO - Live monitoring json-styles/style.json for changes
2024-11-18 23:11:42,829 - INFO - all icons have been checked and missing icons generated!
2024-11-18 23:12:17,998 - INFO - Live monitoring Qss/scss/defaultStyle.scss file for changes
2024-11-18 23:12:18,000 - INFO - Live monitoring json-styles/style.json for changes
2024-11-18 23:12:18,234 - INFO - all icons have been checked and missing icons generated!
2024-11-18 23:13:48,559 - INFO - Live monitoring Qss/scss/defaultStyle.scss file for changes
2024-11-18 23:13:48,560 - INFO - Live monitoring json-styles/style.json for changes
2024-11-18 23:13:48,787 - INFO - all icons have been checked and missing icons generated!
2024-11-18 23:15:01,695 - INFO - Live monitoring Qss/scss/defaultStyle.scss file for changes
2024-11-18 23:15:01,696 - INFO - Live monitoring json-styles/style.json for changes
2024-11-18 23:15:01,929 - INFO - all icons have been checked and missing icons generated!
2024-11-18 23:17:50,458 - INFO - Live monitoring Qss/scss/defaultStyle.scss file for changes
2024-11-18 23:17:50,459 - INFO - Live monitoring json-styles/style.json for changes
2024-11-18 23:17:50,690 - INFO - all icons have been checked and missing icons generated!
2024-11-18 23:24:12,164 - INFO - Live monitoring Qss/scss/defaultStyle.scss file for changes
2024-11-18 23:24:12,215 - INFO - Live monitoring json-styles/style.json for changes
2024-11-18 23:24:12,515 - INFO - all icons have been checked and missing icons generated!
2024-11-18 23:24:28,000 - INFO - Live monitoring Qss/scss/defaultStyle.scss file for changes
2024-11-18 23:24:28,001 - INFO - Live monitoring json-styles/style.json for changes
2024-11-18 23:24:28,259 - INFO - all icons have been checked and missing icons generated!
2024-11-18 23:26:37,860 - INFO - Live monitoring Qss/scss/defaultStyle.scss file for changes
2024-11-18 23:26:37,862 - INFO - Live monitoring json-styles/style.json for changes
2024-11-18 23:26:38,178 - INFO - all icons have been checked and missing icons generated!
2024-11-18 23:27:18,906 - INFO - Live monitoring Qss/scss/defaultStyle.scss file for changes
2024-11-18 23:27:18,908 - INFO - Live monitoring json-styles/style.json for changes
2024-11-18 23:27:19,289 - INFO - all icons have been checked and missing icons generated!
2024-11-18 23:56:37,597 - INFO - Live monitoring Qss/scss/defaultStyle.scss file for changes
2024-11-18 23:56:37,598 - INFO - Live monitoring json-styles/style.json for changes
2024-11-18 23:56:38,377 - INFO - all icons have been checked and missing icons generated!
2024-11-19 00:07:11,536 - INFO - Live monitoring Qss/scss/defaultStyle.scss file for changes
2024-11-19 00:07:11,537 - INFO - Live monitoring json-styles/style.json for changes
2024-11-19 00:07:11,809 - INFO - all icons have been checked and missing icons generated!
2024-11-19 01:16:24,131 - INFO - Live monitoring Qss/scss/defaultStyle.scss file for changes
2024-11-19 01:16:24,132 - INFO - Live monitoring json-styles/style.json for changes
2024-11-19 01:16:24,380 - INFO - ('Current icons color ', None, 'New icons color', '#FFFFFF')
2024-11-19 01:16:24,380 - INFO - Generating icons for your theme, please wait. This may take long
2024-11-19 01:25:06,646 - INFO - File changed: D:\PBL4\Keylogger\server\json-styles\style.json
2024-11-19 01:25:07,005 - INFO - File changed: D:\PBL4\Keylogger\server\json-styles\style.json
2024-11-19 01:38:51,797 - INFO - Live monitoring Qss/scss/defaultStyle.scss file for changes
2024-11-19 01:38:51,799 - INFO - Live monitoring json-styles/style.json for changes
2024-11-19 01:38:52,143 - INFO - all icons have been checked and missing icons generated!
2024-11-19 01:40:11,825 - INFO - Live monitoring Qss/scss/defaultStyle.scss file for changes
2024-11-19 01:40:11,826 - INFO - Live monitoring json-styles/style.json for changes
2024-11-19 01:40:12,150 - INFO - all icons have been checked and missing icons generated!
2024-11-19 01:41:32,870 - INFO - Live monitoring Qss/scss/defaultStyle.scss file for changes
2024-11-19 01:41:32,871 - INFO - Live monitoring json-styles/style.json for changes
2024-11-19 01:42:08,990 - INFO - Live monitoring Qss/scss/defaultStyle.scss file for changes
2024-11-19 01:42:08,991 - INFO - Live monitoring json-styles/style.json for changes
2024-11-19 01:42:22,121 - INFO - Live monitoring Qss/scss/defaultStyle.scss file for changes
2024-11-19 01:42:22,123 - INFO - Live monitoring json-styles/style.json for changes
2024-11-19 01:42:22,541 - INFO - all icons have been checked and missing icons generated!
2024-11-19 01:49:34,002 - INFO - Live monitoring Qss/scss/defaultStyle.scss file for changes
2024-11-19 01:49:34,003 - INFO - Live monitoring json-styles/style.json for changes
2024-11-19 01:49:34,411 - INFO - all icons have been checked and missing icons generated!
2024-11-19 02:00:12,119 - INFO - Live monitoring Qss/scss/defaultStyle.scss file for changes
2024-11-19 02:00:12,120 - INFO - Live monitoring json-styles/style.json for changes
2024-11-19 02:00:12,421 - INFO - all icons have been checked and missing icons generated!
2024-11-19 02:01:53,333 - INFO - Live monitoring Qss/scss/defaultStyle.scss file for changes
2024-11-19 02:01:53,334 - INFO - Live monitoring json-styles/style.json for changes
2024-11-19 02:01:53,607 - INFO - all icons have been checked and missing icons generated!
2024-11-19 02:03:16,128 - INFO - Live monitoring Qss/scss/defaultStyle.scss file for changes
2024-11-19 02:03:16,129 - INFO - Live monitoring json-styles/style.json for changes
2024-11-19 02:03:16,410 - INFO - all icons have been checked and missing icons generated!
2024-11-19 14:30:56,310 - INFO - Live monitoring Qss/scss/defaultStyle.scss file for changes
2024-11-19 14:30:56,351 - INFO - Live monitoring json-styles/style.json for changes
2024-11-19 14:32:15,350 - INFO - Live monitoring Qss/scss/defaultStyle.scss file for changes
2024-11-19 14:32:15,351 - INFO - Live monitoring json-styles/style.json for changes
2024-11-19 14:34:02,564 - INFO - Live monitoring Qss/scss/defaultStyle.scss file for changes
2024-11-19 14:34:02,565 - INFO - Live monitoring json-styles/style.json for changes
2024-11-19 14:34:33,166 - INFO - Live monitoring Qss/scss/defaultStyle.scss file for changes
2024-11-19 14:34:33,168 - INFO - Live monitoring json-styles/style.json for changes
2024-11-19 14:35:21,865 - INFO - Live monitoring Qss/scss/defaultStyle.scss file for changes
2024-11-19 14:35:21,866 - INFO - Live monitoring json-styles/style.json for changes
2024-11-19 14:36:07,478 - INFO - Live monitoring Qss/scss/defaultStyle.scss file for changes
2024-11-19 14:36:07,479 - INFO - Live monitoring json-styles/style.json for changes
2024-11-19 14:36:07,997 - INFO - all icons have been checked and missing icons generated!
2024-11-19 14:36:48,155 - INFO - Live monitoring Qss/scss/defaultStyle.scss file for changes
2024-11-19 14:36:48,155 - INFO - Live monitoring json-styles/style.json for changes
2024-11-19 14:36:48,468 - INFO - all icons have been checked and missing icons generated!
2024-11-19 14:45:50,904 - INFO - Live monitoring Qss/scss/defaultStyle.scss file for changes
2024-11-19 14:45:50,905 - INFO - Live monitoring json-styles/style.json for changes
2024-11-19 14:45:51,204 - INFO - all icons have been checked and missing icons generated!
2024-11-19 14:52:54,869 - INFO - Live monitoring Qss/scss/defaultStyle.scss file for changes
2024-11-19 14:52:54,870 - INFO - Live monitoring json-styles/style.json for changes
2024-11-19 14:52:55,180 - INFO - all icons have been checked and missing icons generated!
2024-11-19 14:56:09,013 - INFO - Live monitoring Qss/scss/defaultStyle.scss file for changes
2024-11-19 14:56:09,014 - INFO - Live monitoring json-styles/style.json for changes
2024-11-19 14:56:09,319 - INFO - all icons have been checked and missing icons generated!
2024-11-19 15:05:25,103 - INFO - Live monitoring Qss/scss/defaultStyle.scss file for changes
2024-11-19 15:05:25,104 - INFO - Live monitoring json-styles/style.json for changes
2024-11-19 15:05:25,410 - INFO - all icons have been checked and missing icons generated!
2024-11-19 15:05:27,048 - INFO - all icons have been checked and missing icons generated!
2024-11-19 15:05:30,087 - INFO - ('Current icons color ', '#FFFFFF', 'New icons color', 'black')
2024-11-19 15:05:30,088 - INFO - Generating icons for your theme, please wait. This may take long
2024-11-19 15:05:32,315 - INFO - ('Current icons color ', 'black', 'New icons color', '#FFFFFF')
2024-11-19 15:05:32,315 - INFO - Generating icons for your theme, please wait. This may take long
2024-11-19 15:05:34,889 - INFO - all icons have been checked and missing icons generated!
2024-11-19 15:05:37,498 - INFO - ('Current icons color ', '#FFFFFF', 'New icons color', 'black')
2024-11-19 15:05:37,499 - INFO - Generating icons for your theme, please wait. This may take long
2024-11-19 15:05:42,002 - INFO - ('Current icons color ', 'black', 'New icons color', '#FFFFFF')
2024-11-19 15:05:42,002 - INFO - Generating icons for your theme, please wait. This may take long
2024-11-19 15:06:02,228 - INFO - Live monitoring Qss/scss/defaultStyle.scss file for changes
2024-11-19 15:06:02,229 - INFO - Live monitoring json-styles/style.json for changes
2024-11-19 15:06:02,536 - INFO - all icons have been checked and missing icons generated!
2024-11-19 15:06:07,083 - INFO - all icons have been checked and missing icons generated!
2024-11-19 15:06:08,717 - INFO - all icons have been checked and missing icons generated!
2024-11-19 15:06:10,254 - INFO - ('Current icons color ', '#FFFFFF', 'New icons color', 'black')
2024-11-19 15:06:10,254 - INFO - Generating icons for your theme, please wait. This may take long
2024-11-19 15:06:16,378 - INFO - ('Current icons color ', 'black', 'New icons color', '#FFFFFF')
2024-11-19 15:06:16,378 - INFO - Generating icons for your theme, please wait. This may take long
2024-11-19 15:06:18,152 - INFO - all icons have been checked and missing icons generated!
2024-11-19 15:06:19,736 - INFO - ('Current icons color ', '#FFFFFF', 'New icons color', 'black')
2024-11-19 15:06:19,736 - INFO - Generating icons for your theme, please wait. This may take long
2024-11-19 15:06:27,328 - INFO - ('Current icons color ', 'black', 'New icons color', '#FFFFFF')
2024-11-19 15:06:27,329 - INFO - Generating icons for your theme, please wait. This may take long
2024-11-19 15:06:29,850 - INFO - all icons have been checked and missing icons generated!
2024-11-19 15:06:30,827 - INFO - ('Current icons color ', '#FFFFFF', 'New icons color', 'black')
2024-11-19 15:06:30,827 - INFO - Generating icons for your theme, please wait. This may take long
2024-11-19 15:06:33,905 - INFO - ('Current icons color ', 'black', 'New icons color', '#FFFFFF')
2024-11-19 15:06:33,905 - INFO - Generating icons for your theme, please wait. This may take long
2024-11-19 21:29:13,185 - INFO - Live monitoring Qss/scss/defaultStyle.scss file for changes
2024-11-19 21:29:13,255 - INFO - Live monitoring json-styles/style.json for changes
2024-11-19 21:29:14,735 - INFO - all icons have been checked and missing icons generated!
2024-11-19 21:29:16,812 - INFO - all icons have been checked and missing icons generated!
2024-11-19 21:29:18,281 - INFO - ('Current icons color ', '#FFFFFF', 'New icons color', 'black')
2024-11-19 21:29:18,282 - INFO - Generating icons for your theme, please wait. This may take long
2024-11-19 21:29:27,521 - INFO - Live monitoring Qss/scss/defaultStyle.scss file for changes
2024-11-19 21:29:27,522 - INFO - Live monitoring json-styles/style.json for changes
2024-11-19 21:29:27,819 - INFO - all icons have been checked and missing icons generated!
2024-11-19 23:40:59,854 - INFO - Live monitoring Qss/scss/defaultStyle.scss file for changes
2024-11-19 23:40:59,924 - INFO - Live monitoring json-styles/style.json for changes
2024-11-19 23:41:01,260 - INFO - all icons have been checked and missing icons generated!
2024-11-19 23:41:04,962 - INFO - ('Current icons color ', 'black', 'New icons color', '#FFFFFF')
2024-11-19 23:41:04,963 - INFO - Generating icons for your theme, please wait. This may take long
2024-11-19 23:41:08,414 - INFO - ('Current icons color ', '#FFFFFF', 'New icons color', 'black')
2024-11-19 23:41:08,414 - INFO - Generating icons for your theme, please wait. This may take long
2024-11-19 23:41:11,150 - INFO - ('Current icons color ', 'black', 'New icons color', '#FFFFFF')
2024-11-19 23:41:11,151 - INFO - Generating icons for your theme, please wait. This may take long
2024-11-19 23:41:13,369 - INFO - all icons have been checked and missing icons generated!
2024-11-19 23:41:14,763 - INFO - ('Current icons color ', '#FFFFFF', 'New icons color', 'black')
2024-11-19 23:41:14,763 - INFO - Generating icons for your theme, please wait. This may take long
2024-11-19 23:41:17,544 - INFO - ('Current icons color ', 'black', 'New icons color', '#FFFFFF')
2024-11-19 23:41:17,544 - INFO - Generating icons for your theme, please wait. This may take long
2024-11-20 00:02:55,043 - INFO - Live monitoring Qss/scss/defaultStyle.scss file for changes
2024-11-20 00:02:55,044 - INFO - Live monitoring json-styles/style.json for changes
2024-11-20 00:02:55,363 - INFO - all icons have been checked and missing icons generated!
2024-11-20 00:03:04,071 - INFO - ('Current icons color ', '#FFFFFF', 'New icons color', 'black')
2024-11-20 00:03:04,071 - INFO - Generating icons for your theme, please wait. This may take long
2024-11-20 00:03:05,569 - INFO - ('Current icons color ', 'black', 'New icons color', '#FFFFFF')
2024-11-20 00:03:05,569 - INFO - Generating icons for your theme, please wait. This may take long
2024-11-20 00:03:07,172 - INFO - all icons have been checked and missing icons generated!
2024-11-20 00:04:47,952 - INFO - Live monitoring Qss/scss/defaultStyle.scss file for changes
2024-11-20 00:04:47,953 - INFO - Live monitoring json-styles/style.json for changes
2024-11-20 00:04:48,262 - INFO - all icons have been checked and missing icons generated!
2024-11-20 00:05:10,058 - INFO - File changed: D:\PBL4\Keylogger\server\json-styles\style.json
2024-11-20 00:05:10,087 - INFO - File changed: D:\PBL4\Keylogger\server\json-styles\style.json
2024-11-20 00:05:11,850 - INFO - File changed: D:\PBL4\Keylogger\server\json-styles\style.json
2024-11-20 00:05:12,102 - INFO - File changed: D:\PBL4\Keylogger\server\json-styles\style.json
2024-11-20 00:05:17,862 - INFO - File changed: D:\PBL4\Keylogger\server\json-styles\style.json
2024-11-20 00:05:18,124 - INFO - File changed: D:\PBL4\Keylogger\server\json-styles\style.json
2024-11-20 00:05:21,372 - INFO - File changed: D:\PBL4\Keylogger\server\json-styles\style.json
2024-11-20 00:05:21,635 - INFO - File changed: D:\PBL4\Keylogger\server\json-styles\style.json
2024-11-20 00:05:27,871 - INFO - File changed: D:\PBL4\Keylogger\server\json-styles\style.json
2024-11-20 00:05:28,117 - INFO - File changed: D:\PBL4\Keylogger\server\json-styles\style.json
2024-11-20 00:05:30,885 - INFO - File changed: D:\PBL4\Keylogger\server\json-styles\style.json
2024-11-20 00:05:31,178 - INFO - File changed: D:\PBL4\Keylogger\server\json-styles\style.json
2024-11-20 00:08:43,429 - INFO - Live monitoring Qss/scss/defaultStyle.scss file for changes
2024-11-20 00:08:43,430 - INFO - Live monitoring json-styles/style.json for changes
2024-11-20 00:08:43,736 - INFO - all icons have been checked and missing icons generated!
2024-11-20 20:52:39,558 - INFO - Live monitoring Qss/scss/defaultStyle.scss file for changes
2024-11-20 20:52:39,614 - INFO - Live monitoring json-styles/style.json for changes
2024-11-20 20:52:40,302 - INFO - all icons have been checked and missing icons generated!
2024-11-20 21:43:58,553 - INFO - Live monitoring Qss/scss/defaultStyle.scss file for changes
2024-11-20 21:43:58,617 - INFO - Live monitoring json-styles/style.json for changes
2024-11-20 21:44:00,403 - INFO - all icons have been checked and missing icons generated!
2024-11-20 21:44:13,470 - INFO - ('Current icons color ', '#FFFFFF', 'New icons color', 'black')
2024-11-20 21:44:13,471 - INFO - Generating icons for your theme, please wait. This may take long
2024-11-20 21:57:44,865 - INFO - File changed: D:\PBL4\Keylogger\server\json-styles\style.json
2024-11-20 21:57:45,107 - INFO - File changed: D:\PBL4\Keylogger\server\json-styles\style.json
2024-11-20 22:17:44,166 - INFO - Live monitoring Qss/scss/defaultStyle.scss file for changes
2024-11-20 22:17:44,167 - INFO - Live monitoring json-styles/style.json for changes
2024-11-20 22:17:44,431 - INFO - all icons have been checked and missing icons generated!
2024-11-20 22:27:32,796 - INFO - Live monitoring Qss/scss/defaultStyle.scss file for changes
2024-11-20 22:27:32,797 - INFO - Live monitoring json-styles/style.json for changes
2024-11-20 22:27:33,081 - INFO - all icons have been checked and missing icons generated!
2024-11-21 00:15:26,313 - INFO - Live monitoring Qss/scss/defaultStyle.scss file for changes
2024-11-21 00:15:26,372 - INFO - Live monitoring json-styles/style.json for changes
2024-11-21 00:15:28,082 - INFO - all icons have been checked and missing icons generated!
2024-11-21 00:15:59,655 - INFO - Live monitoring Qss/scss/defaultStyle.scss file for changes
2024-11-21 00:15:59,656 - INFO - Live monitoring json-styles/style.json for changes
2024-11-21 00:15:59,991 - INFO - all icons have been checked and missing icons generated!
2024-11-21 00:18:15,011 - INFO - Live monitoring Qss/scss/defaultStyle.scss file for changes
2024-11-21 00:18:15,066 - INFO - Live monitoring json-styles/style.json for changes
2024-11-21 10:15:38,902 - INFO - Live monitoring Qss/scss/defaultStyle.scss file for changes
2024-11-21 10:15:38,970 - INFO - Live monitoring json-styles/style.json for changes
2024-11-21 10:15:40,535 - INFO - all icons have been checked and missing icons generated!
2024-11-21 10:41:49,026 - INFO - Live monitoring Qss/scss/defaultStyle.scss file for changes
2024-11-21 10:41:49,027 - INFO - Live monitoring json-styles/style.json for changes
2024-11-21 10:41:49,413 - INFO - all icons have been checked and missing icons generated!
2024-11-21 12:21:19,428 - ERROR - Error loading your JSON files: 'D:\PBL4\Keylogger\server\json-styles\main.json' does not exist
2024-11-21 12:21:37,300 - INFO - Live monitoring Qss/scss/defaultStyle.scss file for changes
2024-11-21 12:21:37,301 - INFO - Live monitoring json-styles/main.json for changes
2024-11-21 12:23:56,733 - INFO - Live monitoring Qss/scss/defaultStyle.scss file for changes
2024-11-21 12:23:56,733 - INFO - Live monitoring json-styles/main.json for changes
2024-11-21 12:23:57,021 - INFO - all icons have been checked and missing icons generated!
2024-11-21 13:02:18,637 - INFO - Live monitoring Qss/scss/defaultStyle.scss file for changes
2024-11-21 13:02:18,683 - INFO - Live monitoring json-styles/main.json for changes
2024-11-21 13:02:49,916 - INFO - Live monitoring Qss/scss/defaultStyle.scss file for changes
2024-11-21 13:02:49,917 - INFO - Live monitoring json-styles/main.json for changes
2024-11-21 13:02:50,215 - INFO - all icons have been checked and missing icons generated!
2024-11-21 13:07:52,674 - INFO - Live monitoring Qss/scss/defaultStyle.scss file for changes
2024-11-21 13:07:52,674 - INFO - Live monitoring json-styles/main.json for changes
2024-11-21 13:07:52,913 - INFO - all icons have been checked and missing icons generated!
2024-11-21 13:08:00,694 - INFO - ('Current icons color ', 'black', 'New icons color', '#FFFFFF')
2024-11-21 13:08:00,695 - INFO - Generating icons for your theme, please wait. This may take long
2024-11-21 13:08:16,967 - INFO - Live monitoring Qss/scss/defaultStyle.scss file for changes
2024-11-21 13:08:16,967 - INFO - Live monitoring json-styles/main.json for changes
2024-11-21 13:08:17,189 - INFO - all icons have been checked and missing icons generated!
2024-11-21 13:08:22,616 - INFO - all icons have been checked and missing icons generated!
2024-11-21 13:08:24,097 - INFO - ('Current icons color ', '#FFFFFF', 'New icons color', 'black')
2024-11-21 13:08:24,098 - INFO - Generating icons for your theme, please wait. This may take long
2024-11-21 13:08:49,637 - INFO - Live monitoring Qss/scss/defaultStyle.scss file for changes
2024-11-21 13:08:49,638 - INFO - Live monitoring json-styles/main.json for changes
2024-11-21 13:08:49,876 - INFO - all icons have been checked and missing icons generated!
2024-11-21 13:08:59,103 - INFO - Live monitoring Qss/scss/defaultStyle.scss file for changes
2024-11-21 13:08:59,104 - INFO - Live monitoring json-styles/main.json for changes
2024-11-21 13:08:59,323 - INFO - all icons have been checked and missing icons generated!
2024-11-21 13:11:49,298 - INFO - Live monitoring Qss/scss/defaultStyle.scss file for changes
2024-11-21 13:11:49,365 - INFO - Live monitoring json-styles/main.json for changes
2024-11-21 13:11:50,955 - INFO - all icons have been checked and missing icons generated!
2024-11-21 13:16:18,257 - INFO - Live monitoring Qss/scss/defaultStyle.scss file for changes
2024-11-21 13:16:18,258 - INFO - Live monitoring json-styles/main.json for changes
2024-11-21 13:16:18,798 - INFO - all icons have been checked and missing icons generated!
2024-11-21 13:16:37,762 - INFO - Live monitoring Qss/scss/defaultStyle.scss file for changes
2024-11-21 13:16:37,804 - INFO - Live monitoring json-styles/main.json for changes
2024-11-21 13:16:38,670 - INFO - all icons have been checked and missing icons generated!
2024-11-21 13:16:43,288 - INFO - ('Current icons color ', 'black', 'New icons color', '#FFFFFF')
2024-11-21 13:16:43,288 - INFO - Generating icons for your theme, please wait. This may take long
2024-11-21 13:16:44,981 - INFO - all icons have been checked and missing icons generated!
2024-11-21 13:16:48,313 - INFO - all icons have been checked and missing icons generated!
2024-11-21 13:16:51,550 - INFO - ('Current icons color ', '#FFFFFF', 'New icons color', 'black')
2024-11-21 13:16:51,551 - INFO - Generating icons for your theme, please wait. This may take long
2024-11-21 13:16:54,453 - INFO - ('Current icons color ', 'black', 'New icons color', '#FFFFFF')
2024-11-21 13:16:54,453 - INFO - Generating icons for your theme, please wait. This may take long
2024-11-21 13:18:31,288 - INFO - File changed: D:\PBL4\Keylogger\server\json-styles\main.json
2024-11-21 13:18:31,403 - INFO - File changed: D:\PBL4\Keylogger\server\json-styles\main.json
2024-11-21 13:19:15,412 - INFO - File changed: D:\PBL4\Keylogger\server\json-styles\main.json
2024-11-21 13:19:15,698 - INFO - File changed: D:\PBL4\Keylogger\server\json-styles\main.json
2024-11-21 13:19:50,059 - INFO - File changed: D:\PBL4\Keylogger\server\json-styles\main.json
2024-11-21 13:19:50,399 - INFO - File changed: D:\PBL4\Keylogger\server\json-styles\main.json
2024-11-21 13:21:10,626 - INFO - File changed: D:\PBL4\Keylogger\server\json-styles\main.json
2024-11-21 13:21:23,537 - INFO - Live monitoring Qss/scss/defaultStyle.scss file for changes
2024-11-21 13:21:23,538 - INFO - Live monitoring json-styles/main.json for changes
2024-11-21 13:21:23,910 - INFO - all icons have been checked and missing icons generated!
2024-11-21 13:21:29,433 - INFO - all icons have been checked and missing icons generated!
2024-11-21 13:21:30,802 - INFO - ('Current icons color ', '#FFFFFF', 'New icons color', 'black')
2024-11-21 13:21:30,802 - INFO - Generating icons for your theme, please wait. This may take long
2024-11-21 13:28:54,941 - INFO - Live monitoring Qss/scss/defaultStyle.scss file for changes
2024-11-21 13:28:54,941 - INFO - Live monitoring json-styles/main.json for changes
2024-11-21 13:28:55,299 - INFO - all icons have been checked and missing icons generated!
2024-11-21 13:31:02,387 - INFO - Live monitoring Qss/scss/defaultStyle.scss file for changes
2024-11-21 13:31:02,388 - INFO - Live monitoring json-styles/main.json for changes
2024-11-21 13:31:02,620 - INFO - all icons have been checked and missing icons generated!
2024-11-21 13:32:41,890 - INFO - Live monitoring Qss/scss/defaultStyle.scss file for changes
2024-11-21 13:32:41,890 - INFO - Live monitoring json-styles/main.json for changes
2024-11-21 13:32:42,119 - INFO - all icons have been checked and missing icons generated!
2024-11-21 13:33:07,082 - INFO - ('Current icons color ', 'black', 'New icons color', '#FFFFFF')
2024-11-21 13:33:07,082 - INFO - Generating icons for your theme, please wait. This may take long
2024-11-21 13:33:08,387 - INFO - all icons have been checked and missing icons generated!
2024-11-21 13:44:37,297 - INFO - Live monitoring Qss/scss/defaultStyle.scss file for changes
2024-11-21 13:44:37,298 - INFO - Live monitoring json-styles/main.json for changes
2024-11-21 13:44:37,566 - INFO - all icons have been checked and missing icons generated!
2024-11-21 13:46:59,455 - INFO - Live monitoring Qss/scss/defaultStyle.scss file for changes
2024-11-21 13:46:59,456 - INFO - Live monitoring json-styles/main.json for changes
2024-11-21 13:46:59,825 - INFO - all icons have been checked and missing icons generated!
2024-11-21 13:47:07,540 - INFO - ('Current icons color ', '#FFFFFF', 'New icons color', 'black')
2024-11-21 13:47:07,540 - INFO - Generating icons for your theme, please wait. This may take long
2024-11-21 14:22:35,191 - INFO - Live monitoring Qss/scss/defaultStyle.scss file for changes
2024-11-21 14:22:35,231 - INFO - Live monitoring json-styles/main.json for changes
2024-11-21 14:22:36,532 - INFO - all icons have been checked and missing icons generated!
2024-11-21 14:37:20,125 - INFO - File changed: D:\PBL4\Keylogger\server\json-styles\main.json
2024-11-21 14:37:20,152 - INFO - File changed: D:\PBL4\Keylogger\server\json-styles\main.json
2024-11-21 14:37:22,900 - INFO - File changed: D:\PBL4\Keylogger\server\json-styles\main.json
2024-11-21 14:37:23,192 - INFO - File changed: D:\PBL4\Keylogger\server\json-styles\main.json
2024-11-21 14:45:35,759 - INFO - Live monitoring Qss/scss/defaultStyle.scss file for changes
2024-11-21 14:45:35,759 - INFO - Live monitoring json-styles/main.json for changes
2024-11-21 14:45:36,031 - INFO - all icons have been checked and missing icons generated!
2024-11-21 14:46:56,220 - INFO - Live monitoring Qss/scss/defaultStyle.scss file for changes
2024-11-21 14:46:56,221 - INFO - Live monitoring json-styles/main.json for changes
2024-11-21 14:52:00,949 - INFO - Live monitoring Qss/scss/defaultStyle.scss file for changes
2024-11-21 14:52:00,950 - INFO - Live monitoring json-styles/main.json for changes
2024-11-21 15:01:09,837 - INFO - Live monitoring Qss/scss/defaultStyle.scss file for changes
2024-11-21 15:01:09,838 - INFO - Live monitoring json-styles/main.json for changes
2024-11-21 15:07:31,951 - INFO - Live monitoring Qss/scss/defaultStyle.scss file for changes
2024-11-21 15:07:31,952 - INFO - Live monitoring json-styles/main.json for changes
2024-11-21 15:07:32,226 - INFO - all icons have been checked and missing icons generated!
2024-11-21 20:43:19,617 - INFO - Live monitoring Qss/scss/defaultStyle.scss file for changes
2024-11-21 20:43:19,655 - INFO - Live monitoring json-styles/main.json for changes
2024-11-21 20:43:21,289 - INFO - all icons have been checked and missing icons generated!
2024-11-21 20:49:06,408 - INFO - Live monitoring Qss/scss/defaultStyle.scss file for changes
2024-11-21 20:49:06,409 - INFO - Live monitoring json-styles/main.json for changes
2024-11-21 20:49:06,679 - INFO - all icons have been checked and missing icons generated!
2024-11-21 21:07:04,793 - INFO - Live monitoring Qss/scss/defaultStyle.scss file for changes
2024-11-21 21:07:04,831 - INFO - Live monitoring json-styles/main.json for changes
2024-11-21 21:07:06,356 - INFO - all icons have been checked and missing icons generated!
2024-11-21 21:58:38,362 - INFO - Live monitoring Qss/scss/defaultStyle.scss file for changes
2024-11-21 21:58:38,401 - INFO - Live monitoring json-styles/main.json for changes
2024-11-21 21:58:39,846 - INFO - all icons have been checked and missing icons generated!
2024-11-21 22:00:11,669 - INFO - Live monitoring Qss/scss/defaultStyle.scss file for changes
2024-11-21 22:00:11,670 - INFO - Live monitoring json-styles/main.json for changes
2024-11-21 22:00:12,046 - INFO - all icons have been checked and missing icons generated!
2024-11-21 22:00:20,617 - INFO - ('Current icons color ', 'black', 'New icons color', '#FFFFFF')
2024-11-21 22:00:20,618 - INFO - Generating icons for your theme, please wait. This may take long
2024-11-21 22:00:21,673 - INFO - all icons have been checked and missing icons generated!
2024-11-21 22:00:37,383 - INFO - Live monitoring Qss/scss/defaultStyle.scss file for changes
2024-11-21 22:00:37,384 - INFO - Live monitoring json-styles/main.json for changes
2024-11-21 22:00:38,008 - INFO - all icons have been checked and missing icons generated!
2024-11-21 22:04:02,022 - INFO - Live monitoring Qss/scss/defaultStyle.scss file for changes
2024-11-21 22:04:02,023 - INFO - Live monitoring json-styles/main.json for changes
2024-11-21 22:04:02,358 - INFO - all icons have been checked and missing icons generated!
2024-11-21 22:14:41,245 - INFO - Live monitoring Qss/scss/defaultStyle.scss file for changes
2024-11-21 22:14:41,246 - INFO - Live monitoring json-styles/main.json for changes
2024-11-21 22:14:41,701 - INFO - all icons have been checked and missing icons generated!
2024-11-21 22:15:03,735 - INFO - File changed: D:\PBL4\Keylogger\server\json-styles\main.json
2024-11-21 22:15:04,011 - INFO - File changed: D:\PBL4\Keylogger\server\json-styles\main.json
2024-11-21 22:15:21,429 - INFO - File changed: D:\PBL4\Keylogger\server\json-styles\main.json
2024-11-21 22:15:21,812 - INFO - File changed: D:\PBL4\Keylogger\server\json-styles\main.json
2024-11-21 22:15:29,926 - INFO - ('Current icons color ', '#FFFFFF', 'New icons color', 'black')
2024-11-21 22:15:29,927 - INFO - Generating icons for your theme, please wait. This may take long
2024-11-21 22:23:32,720 - INFO - Live monitoring Qss/scss/defaultStyle.scss file for changes
2024-11-21 22:23:32,721 - INFO - Live monitoring json-styles/main.json for changes
2024-11-21 22:23:33,070 - INFO - all icons have been checked and missing icons generated!
2024-11-21 22:24:15,429 - INFO - Live monitoring Qss/scss/defaultStyle.scss file for changes
2024-11-21 22:24:15,430 - INFO - Live monitoring json-styles/main.json for changes
2024-11-21 22:24:15,783 - INFO - all icons have been checked and missing icons generated!
2024-11-21 22:28:47,032 - INFO - Live monitoring Qss/scss/defaultStyle.scss file for changes
2024-11-21 22:28:47,033 - INFO - Live monitoring json-styles/main.json for changes
2024-11-21 22:28:47,389 - INFO - all icons have been checked and missing icons generated!
2024-11-21 22:29:32,544 - INFO - Live monitoring Qss/scss/defaultStyle.scss file for changes
2024-11-21 22:29:32,546 - INFO - Live monitoring json-styles/main.json for changes
2024-11-21 22:29:32,783 - INFO - all icons have been checked and missing icons generated!
2024-11-21 22:30:18,689 - INFO - Live monitoring Qss/scss/defaultStyle.scss file for changes
2024-11-21 22:30:18,690 - INFO - Live monitoring json-styles/main.json for changes
2024-11-21 22:30:18,922 - INFO - all icons have been checked and missing icons generated!
2024-11-21 22:35:29,920 - INFO - Live monitoring Qss/scss/defaultStyle.scss file for changes
2024-11-21 22:35:29,921 - INFO - Live monitoring json-styles/main.json for changes
2024-11-21 22:35:30,162 - INFO - all icons have been checked and missing icons generated!
2024-11-21 22:49:30,224 - INFO - Live monitoring Qss/scss/defaultStyle.scss file for changes
2024-11-21 22:49:30,225 - INFO - Live monitoring json-styles/main.json for changes
2024-11-21 22:49:30,539 - INFO - all icons have been checked and missing icons generated!
2024-11-21 22:49:41,139 - INFO - ('Current icons color ', 'black', 'New icons color', '#FFFFFF')
2024-11-21 22:49:41,139 - INFO - Generating icons for your theme, please wait. This may take long
2024-11-21 22:51:18,299 - INFO - Live monitoring Qss/scss/defaultStyle.scss file for changes
2024-11-21 22:51:18,300 - INFO - Live monitoring json-styles/main.json for changes
2024-11-21 22:51:18,544 - INFO - all icons have been checked and missing icons generated!
2024-11-21 22:57:09,327 - INFO - Live monitoring Qss/scss/defaultStyle.scss file for changes
2024-11-21 22:57:09,328 - INFO - Live monitoring json-styles/main.json for changes
2024-11-21 22:57:09,703 - INFO - all icons have been checked and missing icons generated!
2024-11-21 22:57:35,297 - INFO - Live monitoring Qss/scss/defaultStyle.scss file for changes
2024-11-21 22:57:35,298 - INFO - Live monitoring json-styles/main.json for changes
2024-11-21 22:57:35,545 - INFO - all icons have been checked and missing icons generated!
2024-11-21 23:01:07,835 - INFO - Live monitoring Qss/scss/defaultStyle.scss file for changes
2024-11-21 23:01:07,836 - INFO - Live monitoring json-styles/main.json for changes
2024-11-21 23:01:08,073 - INFO - all icons have been checked and missing icons generated!
2024-11-21 23:07:42,271 - INFO - Live monitoring Qss/scss/defaultStyle.scss file for changes
2024-11-21 23:07:42,272 - INFO - Live monitoring json-styles/main.json for changes
2024-11-21 23:07:42,541 - INFO - all icons have been checked and missing icons generated!
2024-11-21 23:11:57,114 - INFO - Live monitoring Qss/scss/defaultStyle.scss file for changes
2024-11-21 23:11:57,115 - INFO - Live monitoring json-styles/main.json for changes
2024-11-21 23:11:57,383 - INFO - all icons have been checked and missing icons generated!
2024-11-21 23:13:08,940 - INFO - Live monitoring Qss/scss/defaultStyle.scss file for changes
2024-11-21 23:13:08,941 - INFO - Live monitoring json-styles/main.json for changes
2024-11-21 23:13:09,188 - INFO - all icons have been checked and missing icons generated!
2024-11-21 23:14:08,841 - INFO - Live monitoring Qss/scss/defaultStyle.scss file for changes
2024-11-21 23:14:08,842 - INFO - Live monitoring json-styles/main.json for changes
2024-11-21 23:14:09,113 - INFO - all icons have been checked and missing icons generated!
2024-11-21 23:16:29,380 - INFO - Live monitoring Qss/scss/defaultStyle.scss file for changes
2024-11-21 23:16:29,384 - INFO - Live monitoring json-styles/main.json for changes
2024-11-21 23:16:29,804 - INFO - all icons have been checked and missing icons generated!
2024-11-21 23:17:09,132 - INFO - Live monitoring Qss/scss/defaultStyle.scss file for changes
2024-11-21 23:17:09,133 - INFO - Live monitoring json-styles/main.json for changes
2024-11-21 23:17:09,377 - INFO - all icons have been checked and missing icons generated!
2024-11-22 08:33:53,183 - INFO - Live monitoring Qss/scss/defaultStyle.scss file for changes
2024-11-22 08:33:53,203 - INFO - Live monitoring json-styles/main.json for changes
2024-11-22 08:33:54,126 - INFO - all icons have been checked and missing icons generated!
2024-11-22 08:35:40,594 - INFO - Live monitoring Qss/scss/defaultStyle.scss file for changes
2024-11-22 08:35:40,594 - INFO - Live monitoring json-styles/main.json for changes
2024-11-22 08:35:40,851 - INFO - all icons have been checked and missing icons generated!
2024-11-22 08:36:24,330 - INFO - File changed: D:\PBL4\Keylogger\server\json-styles\main.json
2024-11-22 08:36:24,575 - INFO - File changed: D:\PBL4\Keylogger\server\json-styles\main.json
2024-11-22 08:36:34,808 - INFO - Live monitoring Qss/scss/defaultStyle.scss file for changes
2024-11-22 08:36:34,808 - INFO - Live monitoring json-styles/main.json for changes
2024-11-22 08:36:35,044 - INFO - all icons have been checked and missing icons generated!
2024-11-22 08:36:57,385 - INFO - Live monitoring Qss/scss/defaultStyle.scss file for changes
2024-11-22 08:36:57,386 - INFO - Live monitoring json-styles/main.json for changes
2024-11-22 08:36:57,611 - INFO - all icons have been checked and missing icons generated!
2024-11-22 08:37:32,699 - INFO - Live monitoring Qss/scss/defaultStyle.scss file for changes
2024-11-22 08:37:32,700 - INFO - Live monitoring json-styles/main.json for changes
2024-11-22 08:37:32,924 - INFO - all icons have been checked and missing icons generated!
2024-11-22 08:37:48,909 - INFO - Live monitoring Qss/scss/defaultStyle.scss file for changes
2024-11-22 08:37:48,910 - INFO - Live monitoring json-styles/main.json for changes
2024-11-22 08:37:49,131 - INFO - all icons have been checked and missing icons generated!
2024-11-22 08:42:14,512 - INFO - Live monitoring Qss/scss/defaultStyle.scss file for changes
2024-11-22 08:42:14,513 - INFO - Live monitoring json-styles/main.json for changes
2024-11-22 08:42:14,761 - INFO - all icons have been checked and missing icons generated!
2024-11-22 08:42:26,984 - INFO - Live monitoring Qss/scss/defaultStyle.scss file for changes
2024-11-22 08:42:26,984 - INFO - Live monitoring json-styles/main.json for changes
2024-11-22 08:42:27,203 - INFO - all icons have been checked and missing icons generated!
2024-11-22 08:42:56,093 - INFO - Live monitoring Qss/scss/defaultStyle.scss file for changes
2024-11-22 08:42:56,093 - INFO - Live monitoring json-styles/main.json for changes
2024-11-22 08:42:56,326 - INFO - all icons have been checked and missing icons generated!
2024-11-22 08:43:28,235 - INFO - Live monitoring Qss/scss/defaultStyle.scss file for changes
2024-11-22 08:43:28,236 - INFO - Live monitoring json-styles/main.json for changes
2024-11-22 08:43:28,585 - INFO - all icons have been checked and missing icons generated!
2024-11-22 08:49:06,841 - INFO - File changed: D:\PBL4\Keylogger\server\json-styles\main.json
2024-11-22 08:49:35,546 - INFO - Live monitoring Qss/scss/defaultStyle.scss file for changes
2024-11-22 08:49:35,547 - INFO - Live monitoring json-styles/main.json for changes
2024-11-22 08:49:35,788 - INFO - all icons have been checked and missing icons generated!
2024-11-22 08:55:12,544 - INFO - Live monitoring Qss/scss/defaultStyle.scss file for changes
2024-11-22 08:55:12,545 - INFO - Live monitoring json-styles/main.json for changes
2024-11-22 08:58:17,213 - INFO - Live monitoring Qss/scss/defaultStyle.scss file for changes
2024-11-22 08:58:17,214 - INFO - Live monitoring json-styles/main.json for changes
2024-11-22 08:58:17,563 - INFO - all icons have been checked and missing icons generated!
2024-11-22 08:58:26,366 - INFO - Live monitoring Qss/scss/defaultStyle.scss file for changes
2024-11-22 08:58:26,367 - INFO - Live monitoring json-styles/main.json for changes
2024-11-22 08:58:26,662 - INFO - all icons have been checked and missing icons generated!
2024-11-22 09:04:12,395 - INFO - Live monitoring Qss/scss/defaultStyle.scss file for changes
2024-11-22 09:04:12,396 - INFO - Live monitoring json-styles/main.json for changes
2024-11-22 09:04:12,691 - INFO - all icons have been checked and missing icons generated!
2024-11-22 09:26:28,992 - INFO - Live monitoring Qss/scss/defaultStyle.scss file for changes
2024-11-22 09:26:29,062 - INFO - Live monitoring json-styles/main.json for changes
2024-11-22 09:26:30,382 - INFO - all icons have been checked and missing icons generated!
2024-11-22 09:26:44,496 - INFO - ('Current icons color ', '#FFFFFF', 'New icons color', 'black')
2024-11-22 09:26:44,497 - INFO - Generating icons for your theme, please wait. This may take long
2024-11-22 09:38:20,273 - INFO - Live monitoring Qss/scss/defaultStyle.scss file for changes
2024-11-22 09:38:20,308 - INFO - Live monitoring json-styles/main.json for changes
2024-11-22 09:38:21,685 - INFO - all icons have been checked and missing icons generated!
2024-11-22 09:42:51,031 - INFO - Live monitoring Qss/scss/defaultStyle.scss file for changes
2024-11-22 09:42:51,079 - INFO - Live monitoring json-styles/main.json for changes
2024-11-22 09:42:52,135 - INFO - all icons have been checked and missing icons generated!
2024-11-22 09:47:41,031 - INFO - Live monitoring Qss/scss/defaultStyle.scss file for changes
2024-11-22 09:47:41,032 - INFO - Live monitoring json-styles/main.json for changes
2024-11-22 09:47:41,364 - INFO - all icons have been checked and missing icons generated!
2024-11-22 10:05:07,422 - INFO - Live monitoring Qss/scss/defaultStyle.scss file for changes
2024-11-22 10:05:07,423 - INFO - Live monitoring json-styles/main.json for changes
2024-11-22 10:05:07,886 - INFO - all icons have been checked and missing icons generated!
2024-11-22 10:14:15,532 - INFO - Live monitoring Qss/scss/defaultStyle.scss file for changes
2024-11-22 10:14:15,590 - INFO - Live monitoring json-styles/main.json for changes
2024-11-22 10:14:17,000 - INFO - all icons have been checked and missing icons generated!
2024-11-22 10:34:52,143 - INFO - Live monitoring Qss/scss/defaultStyle.scss file for changes
2024-11-22 10:34:52,144 - INFO - Live monitoring json-styles/main.json for changes
2024-11-22 10:34:52,586 - INFO - all icons have been checked and missing icons generated!
2024-11-22 10:36:32,880 - INFO - Live monitoring Qss/scss/defaultStyle.scss file for changes
2024-11-22 10:36:32,880 - INFO - Live monitoring json-styles/main.json for changes
2024-11-22 10:36:33,378 - INFO - all icons have been checked and missing icons generated!
2024-11-22 10:38:47,092 - INFO - Live monitoring Qss/scss/defaultStyle.scss file for changes
2024-11-22 10:38:47,093 - INFO - Live monitoring json-styles/main.json for changes
2024-11-22 10:38:47,595 - INFO - all icons have been checked and missing icons generated!
2024-11-22 10:39:26,463 - INFO - Live monitoring Qss/scss/defaultStyle.scss file for changes
2024-11-22 10:39:26,464 - INFO - Live monitoring json-styles/main.json for changes
2024-11-22 10:39:26,793 - INFO - all icons have been checked and missing icons generated!
2024-11-22 10:39:45,407 - INFO - Live monitoring Qss/scss/defaultStyle.scss file for changes
2024-11-22 10:39:45,408 - INFO - Live monitoring json-styles/main.json for changes
2024-11-22 10:39:45,719 - INFO - all icons have been checked and missing icons generated!
2024-11-22 11:02:37,745 - INFO - Live monitoring Qss/scss/defaultStyle.scss file for changes
2024-11-22 11:02:37,786 - INFO - Live monitoring json-styles/main.json for changes
2024-11-22 11:07:01,434 - INFO - Live monitoring Qss/scss/defaultStyle.scss file for changes
2024-11-22 11:07:01,434 - INFO - Live monitoring json-styles/main.json for changes
2024-11-22 11:07:03,591 - INFO - all icons have been checked and missing icons generated!
2024-11-22 11:07:11,391 - INFO - ('Current icons color ', 'black', 'New icons color', '#FFFFFF')
2024-11-22 11:07:11,392 - INFO - Generating icons for your theme, please wait. This may take long
2024-11-22 11:08:45,610 - INFO - Live monitoring Qss/scss/defaultStyle.scss file for changes
2024-11-22 11:08:45,611 - INFO - Live monitoring json-styles/main.json for changes
2024-11-22 11:08:46,081 - INFO - all icons have been checked and missing icons generated!
2024-11-22 13:02:40,877 - INFO - Live monitoring Qss/scss/defaultStyle.scss file for changes
2024-11-22 13:02:40,918 - INFO - Live monitoring json-styles/main.json for changes
2024-11-22 13:45:42,614 - INFO - Live monitoring Qss/scss/defaultStyle.scss file for changes
2024-11-22 13:45:42,667 - INFO - Live monitoring json-styles/main.json for changes
2024-11-22 13:45:44,166 - INFO - all icons have been checked and missing icons generated!
2024-11-22 13:45:50,879 - INFO - ('Current icons color ', '#FFFFFF', 'New icons color', 'black')
2024-11-22 13:45:50,879 - INFO - Generating icons for your theme, please wait. This may take long
2024-11-22 13:45:55,553 - INFO - ('Current icons color ', 'black', 'New icons color', '#FFFFFF')
2024-11-22 13:45:55,553 - INFO - Generating icons for your theme, please wait. This may take long
2024-11-22 13:46:03,334 - INFO - all icons have been checked and missing icons generated!
2024-11-22 13:46:12,890 - INFO - ('Current icons color ', '#FFFFFF', 'New icons color', 'black')
2024-11-22 13:46:12,890 - INFO - Generating icons for your theme, please wait. This may take long
2024-11-22 13:46:19,829 - INFO - ('Current icons color ', 'black', 'New icons color', '#FFFFFF')
2024-11-22 13:46:19,829 - INFO - Generating icons for your theme, please wait. This may take long
2024-11-22 13:49:51,820 - INFO - Live monitoring Qss/scss/defaultStyle.scss file for changes
2024-11-22 13:49:51,821 - INFO - Live monitoring json-styles/main.json for changes
2024-11-22 13:49:52,284 - INFO - all icons have been checked and missing icons generated!
2024-11-22 13:50:22,240 - INFO - ('Current icons color ', '#FFFFFF', 'New icons color', 'black')
2024-11-22 13:50:22,240 - INFO - Generating icons for your theme, please wait. This may take long
2024-11-22 13:50:30,969 - INFO - ('Current icons color ', 'black', 'New icons color', '#FFFFFF')
2024-11-22 13:50:30,969 - INFO - Generating icons for your theme, please wait. This may take long
2024-11-22 13:54:59,996 - INFO - Live monitoring Qss/scss/defaultStyle.scss file for changes
2024-11-22 13:54:59,997 - INFO - Live monitoring json-styles/main.json for changes
2024-11-22 13:55:00,476 - INFO - all icons have been checked and missing icons generated!
2024-11-22 13:55:14,031 - INFO - ('Current icons color ', '#FFFFFF', 'New icons color', 'black')
2024-11-22 13:55:14,031 - INFO - Generating icons for your theme, please wait. This may take long
2024-11-22 13:55:20,260 - INFO - Live monitoring Qss/scss/defaultStyle.scss file for changes
2024-11-22 13:55:20,261 - INFO - Live monitoring json-styles/main.json for changes
2024-11-22 13:55:20,624 - INFO - all icons have been checked and missing icons generated!
2024-11-22 14:29:27,773 - INFO - Live monitoring Qss/scss/defaultStyle.scss file for changes
2024-11-22 14:29:27,774 - INFO - Live monitoring json-styles/main.json for changes
2024-11-22 14:29:28,113 - INFO - all icons have been checked and missing icons generated!
2024-11-22 14:36:57,802 - INFO - Live monitoring Qss/scss/defaultStyle.scss file for changes
2024-11-22 14:36:57,803 - INFO - Live monitoring json-styles/main.json for changes
2024-11-22 14:36:58,173 - INFO - all icons have been checked and missing icons generated!
2024-11-22 16:34:17,933 - INFO - Live monitoring Qss/scss/defaultStyle.scss file for changes
2024-11-22 16:34:18,008 - INFO - Live monitoring json-styles/main.json for changes
2024-11-22 16:34:19,529 - INFO - all icons have been checked and missing icons generated!
2024-11-22 16:41:03,395 - INFO - Live monitoring Qss/scss/defaultStyle.scss file for changes
2024-11-22 16:41:03,396 - INFO - Live monitoring json-styles/main.json for changes
2024-11-22 16:41:30,662 - INFO - Live monitoring Qss/scss/defaultStyle.scss file for changes
2024-11-22 16:41:30,663 - INFO - Live monitoring json-styles/main.json for changes
2024-11-22 16:41:30,977 - INFO - all icons have been checked and missing icons generated!
2024-11-22 16:46:17,541 - INFO - Live monitoring Qss/scss/defaultStyle.scss file for changes
2024-11-22 16:46:17,541 - INFO - Live monitoring json-styles/main.json for changes
2024-11-22 16:46:17,847 - INFO - all icons have been checked and missing icons generated!
2024-11-22 17:00:24,042 - INFO - Live monitoring Qss/scss/defaultStyle.scss file for changes
2024-11-22 17:00:24,084 - INFO - Live monitoring json-styles/main.json for changes
2024-11-22 17:00:25,528 - INFO - all icons have been checked and missing icons generated!
2024-11-22 17:01:41,474 - INFO - ('Current icons color ', 'black', 'New icons color', '#FFFFFF')
2024-11-22 17:01:41,475 - INFO - Generating icons for your theme, please wait. This may take long
2024-11-22 17:01:58,012 - INFO - Live monitoring Qss/scss/defaultStyle.scss file for changes
2024-11-22 17:01:58,012 - INFO - Live monitoring json-styles/main.json for changes
2024-11-22 17:01:58,415 - INFO - all icons have been checked and missing icons generated!
2024-11-22 17:02:07,220 - INFO - ('Current icons color ', '#FFFFFF', 'New icons color', 'black')
2024-11-22 17:02:07,221 - INFO - Generating icons for your theme, please wait. This may take long
2024-11-22 17:07:14,089 - INFO - Live monitoring Qss/scss/defaultStyle.scss file for changes
2024-11-22 17:07:14,090 - INFO - Live monitoring json-styles/main.json for changes
2024-11-22 17:07:14,410 - INFO - all icons have been checked and missing icons generated!
2024-11-22 17:07:26,806 - INFO - Live monitoring Qss/scss/defaultStyle.scss file for changes
2024-11-22 17:07:26,807 - INFO - Live monitoring json-styles/main.json for changes
2024-11-22 17:07:27,108 - INFO - all icons have been checked and missing icons generated!
2024-11-22 17:19:44,245 - INFO - Live monitoring Qss/scss/defaultStyle.scss file for changes
2024-11-22 17:19:44,245 - INFO - Live monitoring json-styles/main.json for changes
2024-11-22 17:19:44,564 - INFO - all icons have been checked and missing icons generated!
2024-11-22 17:20:05,848 - INFO - Live monitoring Qss/scss/defaultStyle.scss file for changes
2024-11-22 17:20:05,849 - INFO - Live monitoring json-styles/main.json for changes
2024-11-22 17:20:06,154 - INFO - all icons have been checked and missing icons generated!
2024-11-22 17:29:49,458 - INFO - Live monitoring Qss/scss/defaultStyle.scss file for changes
2024-11-22 17:29:49,459 - INFO - Live monitoring json-styles/main.json for changes
2024-11-22 17:29:49,772 - INFO - all icons have been checked and missing icons generated!
2024-11-22 18:57:05,493 - INFO - Live monitoring Qss/scss/defaultStyle.scss file for changes
2024-11-22 18:57:05,547 - INFO - Live monitoring json-styles/main.json for changes
2024-11-22 18:57:06,866 - INFO - all icons have been checked and missing icons generated!
2024-11-22 18:59:48,605 - INFO - File changed: D:\PBL4\Keylogger\server\json-styles\main.json
2024-11-22 18:59:48,913 - INFO - File changed: D:\PBL4\Keylogger\server\json-styles\main.json
2024-11-22 18:59:52,891 - INFO - File changed: D:\PBL4\Keylogger\server\json-styles\main.json
2024-11-22 18:59:52,920 - INFO - File changed: D:\PBL4\Keylogger\server\json-styles\main.json
2024-11-22 19:00:00,429 - INFO - File changed: D:\PBL4\Keylogger\server\json-styles\main.json
2024-11-22 19:00:10,612 - INFO - File changed: D:\PBL4\Keylogger\server\json-styles\main.json
2024-11-22 19:00:10,896 - INFO - File changed: D:\PBL4\Keylogger\server\json-styles\main.json
2024-11-22 19:00:11,832 - INFO - File changed: D:\PBL4\Keylogger\server\json-styles\main.json
2024-11-22 19:00:12,095 - INFO - File changed: D:\PBL4\Keylogger\server\json-styles\main.json
2024-11-22 19:00:16,593 - INFO - File changed: D:\PBL4\Keylogger\server\json-styles\main.json
2024-11-22 19:00:16,958 - INFO - File changed: D:\PBL4\Keylogger\server\json-styles\main.json
2024-11-22 19:00:32,558 - INFO - File changed: D:\PBL4\Keylogger\server\Qss\scss\defaultStyle.scss
2024-11-22 19:00:32,832 - INFO - File changed: D:\PBL4\Keylogger\server\Qss\scss\defaultStyle.scss
2024-11-22 19:00:48,901 - INFO - File changed: D:\PBL4\Keylogger\server\Qss\scss\defaultStyle.scss
2024-11-22 19:00:49,111 - ERROR - Failed to compile source code
2024-11-22 19:00:50,791 - INFO - File changed: D:\PBL4\Keylogger\server\Qss\scss\defaultStyle.scss
2024-11-22 19:00:50,881 - ERROR - Failed to compile source code
2024-11-22 19:00:56,415 - INFO - File changed: D:\PBL4\Keylogger\server\Qss\scss\defaultStyle.scss
2024-11-22 19:00:56,541 - ERROR - Failed to compile source code
2024-11-22 19:00:56,564 - INFO - File changed: D:\PBL4\Keylogger\server\Qss\scss\defaultStyle.scss
2024-11-22 19:00:56,632 - ERROR - Failed to compile source code
2024-11-22 19:01:01,598 - INFO - File changed: D:\PBL4\Keylogger\server\Qss\scss\defaultStyle.scss
2024-11-22 19:01:01,723 - ERROR - Failed to compile source code
2024-11-22 19:01:01,745 - INFO - File changed: D:\PBL4\Keylogger\server\Qss\scss\defaultStyle.scss
2024-11-22 19:01:01,817 - ERROR - Failed to compile source code
2024-11-22 19:01:09,784 - INFO - File changed: D:\PBL4\Keylogger\server\Qss\scss\defaultStyle.scss
2024-11-22 19:01:09,921 - ERROR - Failed to compile source code
2024-11-22 19:01:09,949 - INFO - File changed: D:\PBL4\Keylogger\server\Qss\scss\defaultStyle.scss
2024-11-22 19:01:10,025 - ERROR - Failed to compile source code
2024-11-22 19:01:10,812 - INFO - File changed: D:\PBL4\Keylogger\server\Qss\scss\defaultStyle.scss
2024-11-22 19:01:10,936 - ERROR - Failed to compile source code
2024-11-22 19:01:10,969 - INFO - File changed: D:\PBL4\Keylogger\server\Qss\scss\defaultStyle.scss
2024-11-22 19:01:11,037 - ERROR - Failed to compile source code
2024-11-22 19:01:12,820 - INFO - File changed: D:\PBL4\Keylogger\server\Qss\scss\defaultStyle.scss
2024-11-22 19:01:12,956 - ERROR - Failed to compile source code
2024-11-22 19:01:12,984 - INFO - File changed: D:\PBL4\Keylogger\server\Qss\scss\defaultStyle.scss
2024-11-22 19:01:13,064 - ERROR - Failed to compile source code
2024-11-22 19:02:17,357 - INFO - File changed: D:\PBL4\Keylogger\server\Qss\scss\defaultStyle.scss
2024-11-22 19:02:17,740 - INFO - File changed: D:\PBL4\Keylogger\server\Qss\scss\defaultStyle.scss
2024-11-22 19:02:30,288 - INFO - File changed: D:\PBL4\Keylogger\server\json-styles\main.json
2024-11-22 19:02:30,618 - INFO - File changed: D:\PBL4\Keylogger\server\json-styles\main.json
2024-11-22 19:02:37,309 - INFO - File changed: D:\PBL4\Keylogger\server\json-styles\main.json
2024-11-22 19:02:37,711 - INFO - File changed: D:\PBL4\Keylogger\server\json-styles\main.json
2024-11-22 19:03:00,396 - INFO - Live monitoring Qss/scss/defaultStyle.scss file for changes
2024-11-22 19:03:00,398 - INFO - Live monitoring json-styles/main.json for changes
2024-11-22 19:03:00,966 - INFO - all icons have been checked and missing icons generated!
2024-11-22 19:03:13,890 - INFO - File changed: D:\PBL4\Keylogger\server\json-styles\main.json
2024-11-22 19:03:14,239 - INFO - File changed: D:\PBL4\Keylogger\server\json-styles\main.json
2024-11-22 19:03:22,256 - INFO - File changed: D:\PBL4\Keylogger\server\json-styles\main.json
2024-11-22 19:03:22,796 - INFO - File changed: D:\PBL4\Keylogger\server\json-styles\main.json
2024-11-22 19:03:31,195 - INFO - File changed: D:\PBL4\Keylogger\server\json-styles\main.json
2024-11-22 19:03:31,611 - INFO - File changed: D:\PBL4\Keylogger\server\json-styles\main.json
2024-11-22 19:04:26,996 - INFO - File changed: D:\PBL4\Keylogger\server\json-styles\main.json
2024-11-22 19:04:27,379 - INFO - File changed: D:\PBL4\Keylogger\server\json-styles\main.json
2024-11-22 19:04:34,909 - INFO - File changed: D:\PBL4\Keylogger\server\json-styles\main.json
2024-11-22 19:04:34,956 - INFO - File changed: D:\PBL4\Keylogger\server\json-styles\main.json
2024-11-22 19:04:36,038 - INFO - File changed: D:\PBL4\Keylogger\server\json-styles\main.json
2024-11-22 19:04:36,310 - INFO - File changed: D:\PBL4\Keylogger\server\json-styles\main.json
2024-11-22 19:09:17,327 - INFO - File changed: D:\PBL4\Keylogger\server\json-styles\main.json
2024-11-22 19:09:17,595 - INFO - File changed: D:\PBL4\Keylogger\server\json-styles\main.json
2024-11-22 19:09:21,359 - INFO - File changed: D:\PBL4\Keylogger\server\json-styles\main.json
2024-11-22 19:09:21,638 - INFO - File changed: D:\PBL4\Keylogger\server\json-styles\main.json
2024-11-22 19:09:30,302 - INFO - File changed: D:\PBL4\Keylogger\server\json-styles\main.json
2024-11-22 19:09:30,563 - INFO - File changed: D:\PBL4\Keylogger\server\json-styles\main.json
2024-11-22 19:10:10,411 - INFO - File changed: D:\PBL4\Keylogger\server\json-styles\main.json
2024-11-22 19:10:10,813 - INFO - File changed: D:\PBL4\Keylogger\server\json-styles\main.json
2024-11-22 19:10:18,857 - INFO - File changed: D:\PBL4\Keylogger\server\json-styles\main.json
2024-11-22 19:10:19,108 - INFO - File changed: D:\PBL4\Keylogger\server\json-styles\main.json
2024-11-22 19:10:22,650 - INFO - File changed: D:\PBL4\Keylogger\server\json-styles\main.json
2024-11-22 19:10:22,897 - INFO - File changed: D:\PBL4\Keylogger\server\json-styles\main.json
2024-11-22 19:10:45,822 - INFO - File changed: D:\PBL4\Keylogger\server\json-styles\main.json
2024-11-22 19:10:46,114 - INFO - File changed: D:\PBL4\Keylogger\server\json-styles\main.json
2024-11-22 19:10:46,873 - INFO - File changed: D:\PBL4\Keylogger\server\json-styles\main.json
2024-11-22 19:10:47,138 - INFO - File changed: D:\PBL4\Keylogger\server\json-styles\main.json
2024-11-22 19:10:48,980 - INFO - File changed: D:\PBL4\Keylogger\server\json-styles\main.json
2024-11-22 19:10:49,272 - INFO - File changed: D:\PBL4\Keylogger\server\json-styles\main.json
2024-11-22 19:11:00,800 - INFO - File changed: D:\PBL4\Keylogger\server\json-styles\main.json
2024-11-22 19:11:01,066 - INFO - File changed: D:\PBL4\Keylogger\server\json-styles\main.json
2024-11-22 19:11:04,758 - INFO - File changed: D:\PBL4\Keylogger\server\json-styles\main.json
2024-11-22 19:11:05,045 - INFO - File changed: D:\PBL4\Keylogger\server\json-styles\main.json
2024-11-22 19:11:11,879 - INFO - File changed: D:\PBL4\Keylogger\server\json-styles\main.json
2024-11-22 19:11:12,250 - INFO - File changed: D:\PBL4\Keylogger\server\json-styles\main.json
2024-11-22 19:11:26,939 - INFO - File changed: D:\PBL4\Keylogger\server\json-styles\main.json
2024-11-22 19:11:27,235 - INFO - File changed: D:\PBL4\Keylogger\server\json-styles\main.json
2024-11-22 19:11:43,615 - INFO - Live monitoring Qss/scss/defaultStyle.scss file for changes
2024-11-22 19:11:43,616 - INFO - Live monitoring json-styles/main.json for changes
2024-11-22 19:11:44,148 - INFO - all icons have been checked and missing icons generated!
2024-11-22 19:19:36,204 - INFO - Live monitoring Qss/scss/defaultStyle.scss file for changes
2024-11-22 19:19:36,205 - INFO - Live monitoring json-styles/main.json for changes
2024-11-22 19:19:36,691 - INFO - all icons have been checked and missing icons generated!
2024-11-22 19:19:50,533 - INFO - ('Current icons color ', 'black', 'New icons color', '#FFFFFF')
2024-11-22 19:19:50,535 - INFO - Generating icons for your theme, please wait. This may take long
2024-11-22 19:20:02,824 - INFO - all icons have been checked and missing icons generated!
2024-11-22 19:20:05,456 - INFO - ('Current icons color ', '#FFFFFF', 'New icons color', 'black')
2024-11-22 19:20:05,457 - INFO - Generating icons for your theme, please wait. This may take long
2024-11-22 19:31:16,400 - INFO - Live monitoring Qss/scss/defaultStyle.scss file for changes
2024-11-22 19:31:16,401 - INFO - Live monitoring json-styles/main.json for changes
2024-11-22 19:31:16,861 - INFO - all icons have been checked and missing icons generated!
2024-11-22 19:31:31,110 - INFO - ('Current icons color ', 'black', 'New icons color', '#03C3C3')
2024-11-22 19:31:31,111 - INFO - Generating icons for your theme, please wait. This may take long
2024-11-22 19:31:36,278 - INFO - all icons have been checked and missing icons generated!
2024-11-22 19:31:40,522 - INFO - ('Current icons color ', '#03C3C3', 'New icons color', 'black')
2024-11-22 19:31:40,523 - INFO - Generating icons for your theme, please wait. This may take long
2024-11-22 19:31:47,434 - INFO - ('Current icons color ', 'black', 'New icons color', '#02d3c1')
2024-11-22 19:31:47,434 - INFO - Generating icons for your theme, please wait. This may take long
2024-11-22 19:32:00,598 - INFO - all icons have been checked and missing icons generated!
2024-11-22 19:32:41,443 - INFO - Live monitoring Qss/scss/defaultStyle.scss file for changes
2024-11-22 19:32:41,444 - INFO - Live monitoring json-styles/main.json for changes
2024-11-22 19:32:42,282 - INFO - all icons have been checked and missing icons generated!
2024-11-22 19:32:54,105 - INFO - Live monitoring Qss/scss/defaultStyle.scss file for changes
2024-11-22 19:32:54,107 - INFO - Live monitoring json-styles/main.json for changes
2024-11-22 19:32:54,793 - INFO - all icons have been checked and missing icons generated!
2024-11-22 19:33:14,950 - INFO - ('Current icons color ', '#02d3c1', 'New icons color', '#FFFFFF')
2024-11-22 19:33:14,950 - INFO - Generating icons for your theme, please wait. This may take long
2024-11-22 19:37:51,405 - INFO - ('Current icons color ', '#FFFFFF', 'New icons color', 'black')
2024-11-22 19:37:51,407 - INFO - Generating icons for your theme, please wait. This may take long
2024-11-22 19:37:57,097 - INFO - ('Current icons color ', 'black', 'New icons color', '#0F6464')
2024-11-22 19:37:57,098 - INFO - Generating icons for your theme, please wait. This may take long
2024-11-22 19:38:17,475 - INFO - File changed: D:\PBL4\Keylogger\server\json-styles\main.json
2024-11-22 19:38:23,254 - INFO - File changed: D:\PBL4\Keylogger\server\json-styles\main.json
2024-11-22 19:38:30,722 - INFO - File changed: D:\PBL4\Keylogger\server\json-styles\main.json
2024-11-22 19:38:39,461 - INFO - File changed: D:\PBL4\Keylogger\server\json-styles\main.json
2024-11-22 19:38:49,035 - INFO - File changed: D:\PBL4\Keylogger\server\json-styles\main.json
2024-11-22 19:46:58,473 - INFO - File changed: D:\PBL4\Keylogger\server\json-styles\main.json
2024-11-22 19:47:13,426 - INFO - File changed: D:\PBL4\Keylogger\server\json-styles\main.json
2024-11-22 19:47:29,586 - INFO - File changed: D:\PBL4\Keylogger\server\json-styles\main.json
2024-11-22 19:47:48,857 - INFO - File changed: D:\PBL4\Keylogger\server\json-styles\main.json
2024-11-22 19:48:13,240 - INFO - File changed: D:\PBL4\Keylogger\server\json-styles\main.json
2024-11-22 19:48:30,079 - INFO - Live monitoring Qss/scss/defaultStyle.scss file for changes
2024-11-22 19:48:30,081 - INFO - Live monitoring json-styles/main.json for changes
2024-11-22 19:48:30,858 - INFO - all icons have been checked and missing icons generated!
2024-11-22 19:49:02,276 - INFO - ('Current icons color ', '#0F6464', 'New icons color', '#FFFFFF')
2024-11-22 19:49:02,277 - INFO - Generating icons for your theme, please wait. This may take long
2024-11-22 19:49:55,965 - INFO - Live monitoring Qss/scss/defaultStyle.scss file for changes
2024-11-22 19:49:55,966 - INFO - Live monitoring json-styles/main.json for changes
2024-11-22 19:49:56,808 - INFO - all icons have been checked and missing icons generated!
2024-11-22 19:50:09,914 - INFO - ('Current icons color ', '#FFFFFF', 'New icons color', '#000000')
2024-11-22 19:50:09,914 - INFO - Generating icons for your theme, please wait. This may take long
2024-11-22 19:50:16,535 - INFO - ('Current icons color ', '#000000', 'New icons color', 'black')
2024-11-22 19:50:16,535 - INFO - Generating icons for your theme, please wait. This may take long
2024-11-22 19:50:22,705 - INFO - ('Current icons color ', 'black', 'New icons color', '#fefefe')
2024-11-22 19:50:22,705 - INFO - Generating icons for your theme, please wait. This may take long
2024-11-22 20:06:48,684 - INFO - Live monitoring Qss/scss/defaultStyle.scss file for changes
2024-11-22 20:06:48,763 - INFO - Live monitoring json-styles/main.json for changes
2024-11-22 20:06:52,830 - INFO - all icons have been checked and missing icons generated!
2024-11-22 20:09:09,632 - INFO - Live monitoring Qss/scss/defaultStyle.scss file for changes
2024-11-22 20:09:09,632 - INFO - Live monitoring json-styles/main.json for changes
2024-11-22 20:09:10,261 - INFO - ('Current icons color ', '#fefefe', 'New icons color', '#FFFFFF')
2024-11-22 20:09:10,262 - INFO - Generating icons for your theme, please wait. This may take long
2024-11-22 20:09:18,132 - INFO - ('Current icons color ', '#FFFFFF', 'New icons color', '#fefefe')
2024-11-22 20:09:18,133 - INFO - Generating icons for your theme, please wait. This may take long
2024-11-22 20:10:28,472 - INFO - ('Current icons color ', '#fefefe', 'New icons color', '#000000')
2024-11-22 20:10:28,473 - INFO - Generating icons for your theme, please wait. This may take long
2024-11-22 20:11:40,785 - INFO - Live monitoring Qss/scss/defaultStyle.scss file for changes
2024-11-22 20:11:40,786 - INFO - Live monitoring json-styles/main.json for changes
2024-11-22 20:11:41,997 - INFO - all icons have been checked and missing icons generated!
2024-11-22 20:15:20,093 - INFO - Live monitoring Qss/scss/defaultStyle.scss file for changes
2024-11-22 20:15:20,094 - INFO - Live monitoring json-styles/main.json for changes
2024-11-22 20:15:20,807 - INFO - ('Current icons color ', '#000000', 'New icons color', '#FFFFFF')
2024-11-22 20:15:20,807 - INFO - Generating icons for your theme, please wait. This may take long
2024-11-22 20:15:56,389 - INFO - ('Current icons color ', '#FFFFFF', 'New icons color', '#fefefe')
2024-11-22 20:15:56,389 - INFO - Generating icons for your theme, please wait. This may take long
2024-11-22 20:16:10,383 - INFO - ('Current icons color ', '#fefefe', 'New icons color', 'black')
2024-11-22 20:16:10,383 - INFO - Generating icons for your theme, please wait. This may take long
2024-11-22 20:16:18,975 - INFO - ('Current icons color ', 'black', 'New icons color', '#fefefe')
2024-11-22 20:16:18,975 - INFO - Generating icons for your theme, please wait. This may take long
2024-11-22 20:16:31,624 - INFO - ('Current icons color ', '#fefefe', 'New icons color', '#000000')
2024-11-22 20:16:31,624 - INFO - Generating icons for your theme, please wait. This may take long
2024-11-22 20:18:55,735 - INFO - Live monitoring Qss/scss/defaultStyle.scss file for changes
2024-11-22 20:18:55,735 - INFO - Live monitoring json-styles/main.json for changes
2024-11-22 20:18:56,048 - INFO - ('Current icons color ', '#000000', 'New icons color', 'black')
2024-11-22 20:18:56,055 - INFO - Generating icons for your theme, please wait. This may take long
2024-11-22 20:28:39,288 - INFO - all icons have been checked and missing icons generated!
2024-11-22 20:28:47,236 - INFO - ('Current icons color ', 'black', 'New icons color', '#FFFFFF')
2024-11-22 20:28:47,236 - INFO - Generating icons for your theme, please wait. This may take long
2024-11-22 20:28:51,099 - INFO - ('Current icons color ', '#FFFFFF', 'New icons color', 'black')
2024-11-22 20:28:51,099 - INFO - Generating icons for your theme, please wait. This may take long
2024-11-22 20:28:53,455 - INFO - ('Current icons color ', 'black', 'New icons color', '#FFFFFF')
2024-11-22 20:28:53,455 - INFO - Generating icons for your theme, please wait. This may take long
2024-11-22 20:28:58,442 - INFO - ('Current icons color ', '#FFFFFF', 'New icons color', 'black')
2024-11-22 20:28:58,442 - INFO - Generating icons for your theme, please wait. This may take long
2024-11-22 20:29:09,933 - INFO - ('Current icons color ', 'black', 'New icons color', '#FFFFFF')
2024-11-22 20:29:09,933 - INFO - Generating icons for your theme, please wait. This may take long
2024-11-22 20:29:12,478 - INFO - all icons have been checked and missing icons generated!
2024-11-22 20:35:03,010 - INFO - Live monitoring Qss/scss/defaultStyle.scss file for changes
2024-11-22 20:35:03,011 - INFO - Live monitoring json-styles/main.json for changes
2024-11-22 20:35:03,689 - INFO - all icons have been checked and missing icons generated!
2024-11-22 20:35:09,813 - INFO - all icons have been checked and missing icons generated!
2024-11-22 20:35:12,065 - INFO - ('Current icons color ', '#FFFFFF', 'New icons color', 'black')
2024-11-22 20:35:12,065 - INFO - Generating icons for your theme, please wait. This may take long
2024-11-22 20:35:14,782 - INFO - ('Current icons color ', 'black', 'New icons color', '#FFFFFF')
2024-11-22 20:35:14,782 - INFO - Generating icons for your theme, please wait. This may take long
2024-11-22 20:35:23,889 - INFO - all icons have been checked and missing icons generated!
2024-11-22 20:35:26,961 - INFO - ('Current icons color ', '#FFFFFF', 'New icons color', 'black')
2024-11-22 20:35:26,961 - INFO - Generating icons for your theme, please wait. This may take long
2024-11-22 20:37:36,084 - INFO - Live monitoring Qss/scss/defaultStyle.scss file for changes
2024-11-22 20:37:36,085 - INFO - Live monitoring json-styles/main.json for changes
2024-11-22 20:37:36,542 - INFO - all icons have been checked and missing icons generated!
2024-11-22 20:38:05,615 - INFO - Live monitoring Qss/scss/defaultStyle.scss file for changes
2024-11-22 20:38:05,616 - INFO - Live monitoring json-styles/main.json for changes
2024-11-22 20:38:05,980 - INFO - all icons have been checked and missing icons generated!
2024-11-22 20:41:17,027 - INFO - Live monitoring Qss/scss/defaultStyle.scss file for changes
2024-11-22 20:41:17,028 - INFO - Live monitoring json-styles/main.json for changes
2024-11-22 20:41:17,379 - INFO - all icons have been checked and missing icons generated!
2024-11-22 20:41:21,535 - INFO - ('Current icons color ', 'black', 'New icons color', '#FFFFFF')
2024-11-22 20:41:21,536 - INFO - Generating icons for your theme, please wait. This may take long
2024-11-22 20:41:23,710 - INFO - all icons have been checked and missing icons generated!
2024-11-22 20:41:26,266 - INFO - ('Current icons color ', '#FFFFFF', 'New icons color', 'black')
2024-11-22 20:41:26,266 - INFO - Generating icons for your theme, please wait. This may take long
2024-11-22 20:42:37,893 - INFO - Live monitoring Qss/scss/defaultStyle.scss file for changes
2024-11-22 20:42:37,894 - INFO - Live monitoring json-styles/main.json for changes
2024-11-22 20:42:38,652 - INFO - all icons have been checked and missing icons generated!
2024-11-22 20:42:43,980 - INFO - ('Current icons color ', 'black', 'New icons color', '#000000')
2024-11-22 20:42:43,980 - INFO - Generating icons for your theme, please wait. This may take long
2024-11-22 20:42:49,858 - INFO - ('Current icons color ', '#000000', 'New icons color', '#fefefe')
2024-11-22 20:42:49,859 - INFO - Generating icons for your theme, please wait. This may take long
2024-11-22 20:43:15,969 - INFO - ('Current icons color ', '#fefefe', 'New icons color', '#000000')
2024-11-22 20:43:15,970 - INFO - Generating icons for your theme, please wait. This may take long
2024-11-22 20:45:03,076 - INFO - Live monitoring Qss/scss/defaultStyle.scss file for changes
2024-11-22 20:45:03,076 - INFO - Live monitoring json-styles/main.json for changes
2024-11-22 20:45:03,787 - INFO - all icons have been checked and missing icons generated!
2024-11-22 20:45:07,679 - INFO - ('Current icons color ', '#000000', 'New icons color', '#fefefe')
2024-11-22 20:45:07,680 - INFO - Generating icons for your theme, please wait. This may take long
2024-11-22 20:45:51,410 - INFO - Live monitoring Qss/scss/defaultStyle.scss file for changes
2024-11-22 20:45:51,411 - INFO - Live monitoring json-styles/main.json for changes
2024-11-22 20:45:52,319 - INFO - all icons have been checked and missing icons generated!
2024-11-22 20:45:55,774 - INFO - ('Current icons color ', '#fefefe', 'New icons color', '#000000')
2024-11-22 20:45:55,775 - INFO - Generating icons for your theme, please wait. This may take long
2024-11-22 20:45:57,876 - INFO - ('Current icons color ', '#000000', 'New icons color', 'black')
2024-11-22 20:45:57,877 - INFO - Generating icons for your theme, please wait. This may take long
2024-11-22 20:46:04,179 - INFO - ('Current icons color ', 'black', 'New icons color', '#FFFFFF')
2024-11-22 20:46:04,180 - INFO - Generating icons for your theme, please wait. This may take long
2024-11-22 20:46:11,886 - INFO - all icons have been checked and missing icons generated!
2024-11-22 20:46:24,972 - INFO - ('Current icons color ', '#FFFFFF', 'New icons color', '#000000')
2024-11-22 20:46:24,972 - INFO - Generating icons for your theme, please wait. This may take long
2024-11-22 20:56:24,606 - INFO - Live monitoring Qss/scss/defaultStyle.scss file for changes
2024-11-22 20:56:24,607 - INFO - Live monitoring json-styles/main.json for changes
2024-11-22 20:56:25,351 - INFO - all icons have been checked and missing icons generated!
2024-11-22 20:56:29,776 - INFO - ('Current icons color ', '#000000', 'New icons color', '#fefefe')
2024-11-22 20:56:29,776 - INFO - Generating icons for your theme, please wait. This may take long
2024-11-22 20:56:34,590 - INFO - ('Current icons color ', '#fefefe', 'New icons color', '#FFFFFF')
2024-11-22 20:56:34,590 - INFO - Generating icons for your theme, please wait. This may take long
2024-11-22 20:56:37,609 - INFO - ('Current icons color ', '#FFFFFF', 'New icons color', 'black')
2024-11-22 20:56:37,610 - INFO - Generating icons for your theme, please wait. This may take long
2024-11-22 20:56:46,367 - INFO - ('Current icons color ', 'black', 'New icons color', '#fefefe')
2024-11-22 20:56:46,367 - INFO - Generating icons for your theme, please wait. This may take long
2024-11-22 21:01:08,695 - INFO - Live monitoring Qss/scss/defaultStyle.scss file for changes
2024-11-22 21:01:08,755 - INFO - Live monitoring json-styles/main.json for changes
2024-11-22 21:01:10,121 - INFO - all icons have been checked and missing icons generated!
2024-11-22 21:01:15,985 - INFO - ('Current icons color ', '#fefefe', 'New icons color', '#FFFFFF')
2024-11-22 21:01:15,987 - INFO - Generating icons for your theme, please wait. This may take long
2024-11-22 21:01:19,116 - INFO - ('Current icons color ', '#FFFFFF', 'New icons color', 'black')
2024-11-22 21:01:19,116 - INFO - Generating icons for your theme, please wait. This may take long
2024-11-22 21:01:24,900 - INFO - ('Current icons color ', 'black', 'New icons color', '#FFFFFF')
2024-11-22 21:01:24,901 - INFO - Generating icons for your theme, please wait. This may take long
2024-11-22 21:01:26,552 - INFO - all icons have been checked and missing icons generated!
2024-11-22 21:01:35,392 - INFO - ('Current icons color ', '#FFFFFF', 'New icons color', '#000000')
2024-11-22 21:01:35,393 - INFO - Generating icons for your theme, please wait. This may take long
2024-11-22 21:01:55,738 - INFO - ('Current icons color ', '#000000', 'New icons color', '#FFFFFF')
2024-11-22 21:01:55,738 - INFO - Generating icons for your theme, please wait. This may take long
2024-11-22 21:02:26,377 - INFO - ('Current icons color ', '#FFFFFF', 'New icons color', '#fefefe')
2024-11-22 21:02:26,377 - INFO - Generating icons for your theme, please wait. This may take long
2024-11-22 21:05:56,372 - INFO - File changed: D:\PBL4\Keylogger\server\json-styles\main.json
2024-11-22 21:06:08,960 - INFO - File changed: D:\PBL4\Keylogger\server\json-styles\main.json
2024-11-22 21:06:23,860 - INFO - File changed: D:\PBL4\Keylogger\server\json-styles\main.json
2024-11-22 21:06:49,374 - INFO - Live monitoring Qss/scss/defaultStyle.scss file for changes
2024-11-22 21:06:49,374 - INFO - Live monitoring json-styles/main.json for changes
2024-11-22 21:06:49,665 - INFO - ('Current icons color ', '#fefefe', 'New icons color', 'black')
2024-11-22 21:06:49,666 - INFO - Generating icons for your theme, please wait. This may take long
2024-11-22 21:06:54,768 - INFO - ('Current icons color ', 'black', 'New icons color', '#000000')
2024-11-22 21:06:54,769 - INFO - Generating icons for your theme, please wait. This may take long
2024-11-22 21:07:01,335 - INFO - ('Current icons color ', '#000000', 'New icons color', '#FFFFFF')
2024-11-22 21:07:01,335 - INFO - Generating icons for your theme, please wait. This may take long
2024-11-22 21:07:23,079 - INFO - File changed: D:\PBL4\Keylogger\server\json-styles\main.json
2024-11-22 21:07:26,990 - INFO - File changed: D:\PBL4\Keylogger\server\json-styles\main.json
2024-11-22 21:07:38,030 - INFO - Live monitoring Qss/scss/defaultStyle.scss file for changes
2024-11-22 21:07:38,031 - INFO - Live monitoring json-styles/main.json for changes
2024-11-22 21:07:38,760 - INFO - all icons have been checked and missing icons generated!
2024-11-22 21:07:46,229 - INFO - all icons have been checked and missing icons generated!
2024-11-22 21:38:12,152 - INFO - Live monitoring Qss/scss/defaultStyle.scss file for changes
2024-11-22 21:38:12,153 - INFO - Live monitoring json-styles/main.json for changes
2024-11-22 21:38:12,616 - INFO - all icons have been checked and missing icons generated!
2024-11-22 21:38:19,577 - INFO - all icons have been checked and missing icons generated!
2024-11-22 21:39:48,872 - INFO - Live monitoring Qss/scss/defaultStyle.scss file for changes
2024-11-22 21:39:48,873 - INFO - Live monitoring json-styles/main.json for changes
2024-11-22 21:39:49,218 - INFO - Checking icons for Default theme theme. Icons color: #FFFFFF
2024-11-22 21:39:51,556 - INFO - Checking icons for Light Blue theme. Icons color: #000000
2024-11-22 21:40:33,182 - INFO - Live monitoring Qss/scss/defaultStyle.scss file for changes
2024-11-22 21:40:33,182 - INFO - Live monitoring json-styles/main.json for changes
2024-11-22 21:40:33,517 - INFO - Checking icons for Default theme theme. Icons color: #FFFFFF
2024-11-22 21:40:34,634 - INFO - Checking icons for Light Blue theme. Icons color: #000000
2024-11-22 21:41:42,858 - INFO - Checking icons for Dark Yellow theme. Icons color: #fefefe
2024-11-22 21:42:55,848 - INFO - Checking icons for Default theme theme. Icons color: #FFFFFF
2024-11-22 21:42:56,242 - INFO - Checking icons for Light Blue theme. Icons color: #000000
2024-11-22 21:42:56,638 - INFO - Checking icons for Dark Yellow theme. Icons color: #fefefe
2024-11-22 21:42:57,407 - INFO - Checking icons for qt designer app.
2024-11-22 21:42:58,909 - INFO - ('Current icons color ', '#FFFFFF', 'New icons color', '#fefefe')
2024-11-22 21:42:58,909 - INFO - Generating icons for your theme, please wait. This may take long
2024-11-22 21:42:59,833 - INFO - ('DONE: Current icons color ', '#fefefe')
2024-11-22 21:43:09,224 - INFO - ('Current icons color ', '#fefefe', 'New icons color', '#000000')
2024-11-22 21:43:09,224 - INFO - Generating icons for your theme, please wait. This may take long
2024-11-22 21:43:09,805 - INFO - ('DONE: Current icons color ', '#000000')
2024-11-22 21:43:16,297 - INFO - ('Current icons color ', '#000000', 'New icons color', '#FFFFFF')
2024-11-22 21:43:16,298 - INFO - Generating icons for your theme, please wait. This may take long
2024-11-22 21:43:17,022 - INFO - ('DONE: Current icons color ', '#FFFFFF')
2024-11-22 21:43:39,985 - INFO - ('Current icons color ', '#FFFFFF', 'New icons color', '#fefefe')
2024-11-22 21:43:39,986 - INFO - Generating icons for your theme, please wait. This may take long
2024-11-22 21:43:40,544 - INFO - ('DONE: Current icons color ', '#fefefe')
2024-11-22 21:43:42,892 - INFO - ('Current icons color ', '#fefefe', 'New icons color', 'black')
2024-11-22 21:43:42,892 - INFO - Generating icons for your theme, please wait. This may take long
2024-11-22 21:47:09,689 - INFO - Live monitoring Qss/scss/defaultStyle.scss file for changes
2024-11-22 21:47:09,690 - INFO - Live monitoring json-styles/main.json for changes
2024-11-22 21:47:10,000 - INFO - ('Current icons color ', 'black', 'New icons color', '#FFFFFF')
2024-11-22 21:47:10,000 - INFO - Generating icons for your theme, please wait. This may take long
2024-11-22 21:47:19,855 - INFO - ('Current icons color ', '#FFFFFF', 'New icons color', '#000000')
2024-11-22 21:47:19,855 - INFO - Generating icons for your theme, please wait. This may take long
2024-11-22 21:47:26,557 - INFO - ('Current icons color ', '#000000', 'New icons color', '#FFFFFF')
2024-11-22 21:47:26,558 - INFO - Generating icons for your theme, please wait. This may take long
2024-11-22 21:53:14,615 - INFO - Live monitoring Qss/scss/defaultStyle.scss file for changes
2024-11-22 21:53:14,616 - INFO - Live monitoring json-styles/main.json for changes
2024-11-22 21:53:15,048 - INFO - Checking icons for Default theme theme. Icons color: #FFFFFF
2024-11-22 21:53:15,861 - INFO - Checking icons for Light Blue theme. Icons color: #000000
2024-11-22 21:53:16,657 - INFO - Checking icons for Dark Yellow theme. Icons color: #fefefe
2024-11-22 21:53:17,250 - INFO - Checking icons for Default theme theme. Icons color: #FFFFFF
2024-11-22 21:53:17,851 - INFO - Checking icons for Light Blue theme. Icons color: #000000
2024-11-22 21:53:18,372 - INFO - Checking icons for Dark Yellow theme. Icons color: #fefefe
2024-11-22 21:53:18,890 - INFO - Checking icons for qt designer app.
2024-11-22 21:53:19,488 - INFO - all icons have been checked and missing icons generated!
2024-11-22 21:53:41,929 - INFO - ('Current icons color ', '#FFFFFF', 'New icons color', '#000000')
2024-11-22 21:53:41,929 - INFO - Generating icons for your theme, please wait. This may take long
2024-11-22 21:53:42,515 - INFO - ('DONE: Current icons color ', '#000000')
2024-11-22 21:53:50,818 - INFO - ('Current icons color ', '#000000', 'New icons color', '#fefefe')
2024-11-22 21:53:50,819 - INFO - Generating icons for your theme, please wait. This may take long
2024-11-22 21:53:51,404 - INFO - ('DONE: Current icons color ', '#fefefe')
2024-11-22 21:54:01,238 - INFO - ('Current icons color ', '#fefefe', 'New icons color', '#FFFFFF')
2024-11-22 21:54:01,239 - INFO - Generating icons for your theme, please wait. This may take long
2024-11-22 21:54:01,766 - INFO - ('DONE: Current icons color ', '#FFFFFF')
2024-11-22 21:54:21,532 - INFO - ('Current icons color ', '#FFFFFF', 'New icons color', 'black')
2024-11-22 21:54:21,533 - INFO - Generating icons for your theme, please wait. This may take long
2024-11-22 21:54:35,943 - INFO - ('DONE: Current icons color ', 'black')
2024-11-22 21:55:35,520 - INFO - ('Current icons color ', 'black', 'New icons color', '#FFFFFF')
2024-11-22 21:55:35,520 - INFO - Generating icons for your theme, please wait. This may take long
2024-11-22 21:55:36,026 - INFO - ('DONE: Current icons color ', '#FFFFFF')
2024-11-22 21:55:45,170 - INFO - ('Current icons color ', '#FFFFFF', 'New icons color', 'black')
2024-11-22 21:55:45,171 - INFO - Generating icons for your theme, please wait. This may take long
2024-11-22 21:55:45,732 - INFO - ('DONE: Current icons color ', 'black')
2024-11-22 21:55:47,727 - INFO - ('Current icons color ', 'black', 'New icons color', '#fefefe')
2024-11-22 21:55:47,728 - INFO - Generating icons for your theme, please wait. This may take long
2024-11-22 21:55:48,347 - INFO - ('DONE: Current icons color ', '#fefefe')
2024-11-22 21:55:51,518 - INFO - ('Current icons color ', '#fefefe', 'New icons color', '#000000')
2024-11-22 21:55:51,519 - INFO - Generating icons for your theme, please wait. This may take long
2024-11-22 21:55:52,226 - INFO - ('DONE: Current icons color ', '#000000')
2024-11-22 21:55:53,803 - INFO - ('Current icons color ', '#000000', 'New icons color', '#FFFFFF')
2024-11-22 21:55:53,803 - INFO - Generating icons for your theme, please wait. This may take long
2024-11-22 21:55:54,435 - INFO - ('DONE: Current icons color ', '#FFFFFF')
2024-11-22 21:56:03,673 - INFO - ('Current icons color ', '#FFFFFF', 'New icons color', '#000000')
2024-11-22 21:56:03,674 - INFO - Generating icons for your theme, please wait. This may take long
2024-11-22 21:56:04,229 - INFO - ('DONE: Current icons color ', '#000000')
2024-11-22 21:56:05,981 - INFO - ('Current icons color ', '#000000', 'New icons color', '#FFFFFF')
2024-11-22 21:56:05,982 - INFO - Generating icons for your theme, please wait. This may take long
2024-11-22 21:56:06,526 - INFO - ('DONE: Current icons color ', '#FFFFFF')
2024-11-22 21:56:08,650 - INFO - ('Current icons color ', '#FFFFFF', 'New icons color', '#fefefe')
2024-11-22 21:56:08,651 - INFO - Generating icons for your theme, please wait. This may take long
2024-11-22 21:56:09,203 - INFO - ('DONE: Current icons color ', '#fefefe')
2024-11-22 21:56:34,689 - INFO - ('Current icons color ', '#fefefe', 'New icons color', '#FFFFFF')
2024-11-22 21:56:34,690 - INFO - Generating icons for your theme, please wait. This may take long
2024-11-22 21:56:35,087 - INFO - ('DONE: Current icons color ', '#FFFFFF')
2024-11-22 21:57:25,374 - INFO - ('Current icons color ', '#FFFFFF', 'New icons color', '#000000')
2024-11-22 21:57:25,375 - INFO - Generating icons for your theme, please wait. This may take long
2024-11-22 21:57:25,931 - INFO - ('DONE: Current icons color ', '#000000')
2024-11-22 21:57:27,294 - INFO - ('Current icons color ', '#000000', 'New icons color', '#FFFFFF')
2024-11-22 21:57:27,294 - INFO - Generating icons for your theme, please wait. This may take long
2024-11-22 21:57:27,849 - INFO - ('DONE: Current icons color ', '#FFFFFF')
2024-11-22 21:57:29,371 - INFO - ('Current icons color ', '#FFFFFF', 'New icons color', '#fefefe')
2024-11-22 21:57:29,371 - INFO - Generating icons for your theme, please wait. This may take long
2024-11-22 21:57:29,944 - INFO - ('DONE: Current icons color ', '#fefefe')
2024-11-22 21:58:07,605 - INFO - ('Current icons color ', '#fefefe', 'New icons color', '#FFFFFF')
2024-11-22 21:58:07,609 - INFO - Generating icons for your theme, please wait. This may take long
2024-11-22 21:58:08,046 - INFO - ('DONE: Current icons color ', '#FFFFFF')
2024-11-22 21:58:37,481 - INFO - Live monitoring Qss/scss/defaultStyle.scss file for changes
2024-11-22 21:58:37,482 - INFO - Live monitoring json-styles/main.json for changes
2024-11-22 21:58:37,871 - INFO - Checking icons for Default theme theme. Icons color: #FFFFFF
2024-11-22 21:58:38,728 - INFO - Checking icons for Light Blue theme. Icons color: #000000
2024-11-22 21:58:39,249 - INFO - Checking icons for Dark Yellow theme. Icons color: #fefefe
2024-11-22 21:58:39,774 - INFO - Checking icons for Default theme theme. Icons color: #FFFFFF
2024-11-22 21:58:40,294 - INFO - Checking icons for Light Blue theme. Icons color: #000000
2024-11-22 21:58:40,814 - INFO - Checking icons for Dark Yellow theme. Icons color: #fefefe
2024-11-22 21:58:41,333 - INFO - Checking icons for qt designer app.
2024-11-22 21:58:41,962 - INFO - all icons have been checked and missing icons generated!
2024-11-22 21:58:46,688 - INFO - Checking icons for Default theme theme. Icons color: #FFFFFF
2024-11-22 21:58:47,239 - INFO - Checking icons for Light Blue theme. Icons color: #000000
2024-11-22 21:58:47,816 - INFO - Checking icons for Dark Yellow theme. Icons color: #fefefe
2024-11-22 21:58:48,381 - INFO - Checking icons for Default theme theme. Icons color: #FFFFFF
2024-11-22 21:58:48,915 - INFO - Checking icons for Light Blue theme. Icons color: #000000
2024-11-22 21:58:49,475 - INFO - Checking icons for Dark Yellow theme. Icons color: #fefefe
2024-11-22 21:58:50,001 - INFO - Checking icons for Default theme theme. Icons color: #FFFFFF
2024-11-22 21:58:50,530 - INFO - Checking icons for Light Blue theme. Icons color: #000000
2024-11-22 21:58:51,058 - INFO - Checking icons for Dark Yellow theme. Icons color: #fefefe
2024-11-22 21:58:51,401 - INFO - Checking icons for qt designer app.
2024-11-22 21:58:54,332 - INFO - Checking icons for Default theme theme. Icons color: #FFFFFF
2024-11-22 21:58:55,125 - INFO - Checking icons for Light Blue theme. Icons color: #000000
2024-11-22 21:58:55,643 - INFO - Checking icons for Dark Yellow theme. Icons color: #fefefe
2024-11-22 21:58:56,133 - INFO - Checking icons for Default theme theme. Icons color: #FFFFFF
2024-11-22 21:58:56,700 - INFO - Checking icons for Light Blue theme. Icons color: #000000
2024-11-22 21:58:57,221 - INFO - Checking icons for Dark Yellow theme. Icons color: #fefefe
2024-11-22 21:58:57,754 - INFO - Checking icons for Default theme theme. Icons color: #FFFFFF
2024-11-22 21:58:58,274 - INFO - Checking icons for Light Blue theme. Icons color: #000000
2024-11-22 21:58:58,882 - INFO - Checking icons for Dark Yellow theme. Icons color: #fefefe
2024-11-22 21:58:59,401 - INFO - Checking icons for Default theme theme. Icons color: #FFFFFF
2024-11-22 21:58:59,926 - INFO - Checking icons for Light Blue theme. Icons color: #000000
2024-11-22 21:59:00,461 - INFO - Checking icons for Dark Yellow theme. Icons color: #fefefe
2024-11-22 21:59:00,977 - INFO - Checking icons for qt designer app.
2024-11-22 21:59:01,503 - INFO - all icons have been checked and missing icons generated!
2024-11-22 21:59:37,272 - INFO - File changed: D:\PBL4\Keylogger\server\Qss\scss\defaultStyle.scss
2024-11-22 21:59:37,472 - ERROR - Failed to compile source code
2024-11-22 21:59:37,525 - INFO - File changed: D:\PBL4\Keylogger\server\Qss\scss\defaultStyle.scss
2024-11-22 21:59:37,596 - ERROR - Failed to compile source code
2024-11-22 21:59:40,339 - INFO - File changed: D:\PBL4\Keylogger\server\Qss\scss\defaultStyle.scss
2024-11-22 21:59:56,078 - INFO - File changed: D:\PBL4\Keylogger\server\Qss\scss\defaultStyle.scss
2024-11-22 21:59:59,181 - INFO - File changed: D:\PBL4\Keylogger\server\Qss\scss\defaultStyle.scss
2024-11-22 22:00:02,112 - INFO - File changed: D:\PBL4\Keylogger\server\Qss\scss\defaultStyle.scss
2024-11-22 22:00:13,594 - INFO - File changed: D:\PBL4\Keylogger\server\Qss\scss\defaultStyle.scss
2024-11-22 22:00:13,712 - ERROR - Failed to compile source code
2024-11-22 22:00:13,735 - INFO - File changed: D:\PBL4\Keylogger\server\Qss\scss\defaultStyle.scss
2024-11-22 22:00:13,800 - ERROR - Failed to compile source code
2024-11-22 22:00:17,223 - INFO - File changed: D:\PBL4\Keylogger\server\Qss\scss\defaultStyle.scss
2024-11-22 22:00:20,105 - INFO - File changed: D:\PBL4\Keylogger\server\Qss\scss\defaultStyle.scss
2024-11-22 22:00:23,189 - INFO - File changed: D:\PBL4\Keylogger\server\Qss\scss\defaultStyle.scss
2024-11-22 22:00:26,681 - INFO - File changed: D:\PBL4\Keylogger\server\Qss\scss\defaultStyle.scss
2024-11-22 22:00:26,750 - ERROR - Failed to compile source code
2024-11-22 22:00:26,776 - INFO - File changed: D:\PBL4\Keylogger\server\Qss\scss\defaultStyle.scss
2024-11-22 22:00:26,842 - ERROR - Failed to compile source code
2024-11-22 22:00:27,056 - INFO - File changed: D:\PBL4\Keylogger\server\Qss\scss\defaultStyle.scss
2024-11-22 22:00:27,230 - ERROR - Failed to compile source code
2024-11-22 22:00:27,373 - INFO - File changed: D:\PBL4\Keylogger\server\Qss\scss\defaultStyle.scss
2024-11-22 22:00:27,450 - ERROR - Failed to compile source code
2024-11-22 22:00:33,494 - INFO - File changed: D:\PBL4\Keylogger\server\Qss\scss\defaultStyle.scss
2024-11-22 22:00:36,487 - INFO - File changed: D:\PBL4\Keylogger\server\Qss\scss\defaultStyle.scss
2024-11-22 22:01:22,140 - INFO - File changed: D:\PBL4\Keylogger\server\json-styles\main.json
2024-11-22 22:01:27,833 - INFO - File changed: D:\PBL4\Keylogger\server\json-styles\main.json
2024-11-22 22:09:28,261 - INFO - File changed: D:\PBL4\Keylogger\server\Qss\scss\defaultStyle.scss
2024-11-22 22:09:35,442 - INFO - File changed: D:\PBL4\Keylogger\server\Qss\scss\defaultStyle.scss
2024-11-22 22:09:42,932 - INFO - File changed: D:\PBL4\Keylogger\server\Qss\scss\defaultStyle.scss
2024-11-22 22:09:49,745 - INFO - File changed: D:\PBL4\Keylogger\server\Qss\scss\defaultStyle.scss
2024-11-22 22:09:56,167 - INFO - File changed: D:\PBL4\Keylogger\server\Qss\scss\defaultStyle.scss
2024-11-22 22:10:02,387 - INFO - File changed: D:\PBL4\Keylogger\server\Qss\scss\defaultStyle.scss
2024-11-22 22:10:08,613 - INFO - File changed: D:\PBL4\Keylogger\server\Qss\scss\defaultStyle.scss
2024-11-22 22:13:56,222 - INFO - File changed: D:\PBL4\Keylogger\server\Qss\scss\defaultStyle.scss
2024-11-22 22:14:02,836 - INFO - File changed: D:\PBL4\Keylogger\server\Qss\scss\defaultStyle.scss
2024-11-22 22:14:10,560 - INFO - File changed: D:\PBL4\Keylogger\server\Qss\scss\defaultStyle.scss
2024-11-22 22:14:17,188 - INFO - File changed: D:\PBL4\Keylogger\server\Qss\scss\defaultStyle.scss
2024-11-22 22:14:49,896 - INFO - File changed: D:\PBL4\Keylogger\server\Qss\scss\defaultStyle.scss
2024-11-22 22:14:56,788 - INFO - File changed: D:\PBL4\Keylogger\server\Qss\scss\defaultStyle.scss
2024-11-22 22:16:21,379 - INFO - Live monitoring Qss/scss/defaultStyle.scss file for changes
2024-11-22 22:16:21,380 - INFO - Live monitoring json-styles/main.json for changes
2024-11-22 22:16:26,400 - INFO - all icons have been checked and missing icons generated!
2024-11-22 22:19:48,381 - INFO - File changed: D:\PBL4\Keylogger\server\Qss\scss\defaultStyle.scss
2024-11-22 22:19:48,662 - ERROR - Failed to compile source code
2024-11-22 22:19:55,979 - INFO - File changed: D:\PBL4\Keylogger\server\Qss\scss\defaultStyle.scss
2024-11-22 22:19:57,037 - INFO - File changed: D:\PBL4\Keylogger\server\Qss\scss\defaultStyle.scss
2024-11-22 22:28:13,899 - INFO - Live monitoring Qss/scss/defaultStyle.scss file for changes
2024-11-22 22:28:13,900 - INFO - Live monitoring json-styles/main.json for changes
2024-11-22 22:28:15,822 - INFO - all icons have been checked and missing icons generated!
2024-11-22 22:32:10,500 - INFO - File changed: D:\PBL4\Keylogger\server\Qss\scss\defaultStyle.scss
2024-11-22 22:32:18,995 - INFO - File changed: D:\PBL4\Keylogger\server\Qss\scss\defaultStyle.scss
2024-11-22 22:32:20,030 - INFO - File changed: D:\PBL4\Keylogger\server\Qss\scss\defaultStyle.scss
2024-11-22 22:33:33,507 - INFO - File changed: D:\PBL4\Keylogger\server\Qss\scss\defaultStyle.scss
2024-11-22 22:33:34,931 - INFO - File changed: D:\PBL4\Keylogger\server\Qss\scss\defaultStyle.scss
2024-11-22 22:34:14,444 - INFO - ('Current icons color ', '#FFFFFF', 'New icons color', '#000000')
2024-11-22 22:34:14,445 - INFO - Generating icons for your theme, please wait. This may take long
2024-11-22 22:34:46,829 - INFO - File changed: D:\PBL4\Keylogger\server\Qss\scss\defaultStyle.scss
2024-11-22 22:34:47,102 - INFO - File changed: D:\PBL4\Keylogger\server\Qss\scss\defaultStyle.scss
2024-11-22 22:34:48,395 - INFO - File changed: D:\PBL4\Keylogger\server\Qss\scss\defaultStyle.scss
2024-11-22 22:34:48,692 - INFO - File changed: D:\PBL4\Keylogger\server\Qss\scss\defaultStyle.scss
2024-11-22 22:35:02,754 - INFO - File changed: D:\PBL4\Keylogger\server\Qss\scss\defaultStyle.scss
2024-11-22 22:35:04,825 - INFO - File changed: D:\PBL4\Keylogger\server\Qss\scss\defaultStyle.scss
2024-11-22 22:35:05,126 - INFO - File changed: D:\PBL4\Keylogger\server\Qss\scss\defaultStyle.scss
2024-11-22 22:38:24,407 - INFO - File changed: D:\PBL4\Keylogger\server\Qss\scss\defaultStyle.scss
2024-11-22 22:38:24,703 - INFO - File changed: D:\PBL4\Keylogger\server\Qss\scss\defaultStyle.scss
2024-11-22 22:46:14,211 - INFO - Live monitoring Qss/scss/defaultStyle.scss file for changes
2024-11-22 22:46:14,212 - INFO - Live monitoring json-styles/main.json for changes
2024-11-22 22:46:15,626 - INFO - all icons have been checked and missing icons generated!
2024-11-22 22:46:22,569 - INFO - File changed: D:\PBL4\Keylogger\server\Qss\scss\defaultStyle.scss
2024-11-22 22:46:22,946 - INFO - File changed: D:\PBL4\Keylogger\server\Qss\scss\defaultStyle.scss
2024-11-22 22:46:23,814 - INFO - File changed: D:\PBL4\Keylogger\server\Qss\scss\defaultStyle.scss
2024-11-22 22:46:24,111 - INFO - File changed: D:\PBL4\Keylogger\server\Qss\scss\defaultStyle.scss
2024-11-22 22:46:47,808 - INFO - File changed: D:\PBL4\Keylogger\server\Qss\scss\defaultStyle.scss
2024-11-22 22:46:48,290 - INFO - File changed: D:\PBL4\Keylogger\server\Qss\scss\defaultStyle.scss
2024-11-22 22:46:52,266 - INFO - File changed: D:\PBL4\Keylogger\server\Qss\scss\defaultStyle.scss
2024-11-22 22:46:52,536 - INFO - File changed: D:\PBL4\Keylogger\server\Qss\scss\defaultStyle.scss
2024-11-22 22:46:53,697 - INFO - File changed: D:\PBL4\Keylogger\server\Qss\scss\defaultStyle.scss
2024-11-22 22:46:53,984 - INFO - File changed: D:\PBL4\Keylogger\server\Qss\scss\defaultStyle.scss
2024-11-22 22:49:34,858 - INFO - Live monitoring Qss/scss/defaultStyle.scss file for changes
2024-11-22 22:49:34,859 - INFO - Live monitoring json-styles/main.json for changes
2024-11-22 22:49:36,185 - INFO - all icons have been checked and missing icons generated!
2024-11-22 22:50:00,708 - INFO - File changed: D:\PBL4\Keylogger\server\Qss\scss\defaultStyle.scss
2024-11-22 22:50:00,812 - ERROR - Failed to compile source code
2024-11-22 22:50:00,836 - INFO - File changed: D:\PBL4\Keylogger\server\Qss\scss\defaultStyle.scss
2024-11-22 22:50:00,922 - ERROR - Failed to compile source code
2024-11-22 22:50:04,751 - INFO - File changed: D:\PBL4\Keylogger\server\Qss\scss\defaultStyle.scss
2024-11-22 22:50:05,017 - INFO - File changed: D:\PBL4\Keylogger\server\Qss\scss\defaultStyle.scss
2024-11-22 22:50:09,450 - INFO - File changed: D:\PBL4\Keylogger\server\Qss\scss\defaultStyle.scss
2024-11-22 22:50:09,706 - INFO - File changed: D:\PBL4\Keylogger\server\Qss\scss\defaultStyle.scss
2024-11-22 23:41:49,218 - INFO - Live monitoring Qss/scss/defaultStyle.scss file for changes
2024-11-22 23:41:49,271 - INFO - Live monitoring json-styles/main.json for changes
2024-11-22 23:41:52,167 - INFO - all icons have been checked and missing icons generated!
2024-11-22 23:42:56,994 - INFO - ('Current icons color ', '#000000', 'New icons color', '#fefefe')
2024-11-22 23:42:56,995 - INFO - Generating icons for your theme, please wait. This may take long
2024-11-22 23:43:35,689 - INFO - Live monitoring Qss/scss/defaultStyle.scss file for changes
2024-11-22 23:43:35,690 - INFO - Live monitoring json-styles/main.json for changes
2024-11-22 23:43:37,074 - INFO - all icons have been checked and missing icons generated!
2024-11-22 23:43:53,283 - INFO - ('Current icons color ', '#fefefe', 'New icons color', '#000000')
2024-11-22 23:43:53,283 - INFO - Generating icons for your theme, please wait. This may take long
2024-11-22 23:45:33,876 - INFO - Live monitoring Qss/scss/defaultStyle.scss file for changes
2024-11-22 23:45:33,877 - INFO - Live monitoring json-styles/main.json for changes
2024-11-22 23:45:36,208 - INFO - all icons have been checked and missing icons generated!
2024-11-22 23:46:05,693 - INFO - File changed: D:\PBL4\Keylogger\server\Qss\scss\defaultStyle.scss
2024-11-22 23:46:05,897 - ERROR - Failed to compile source code
2024-11-22 23:46:05,920 - INFO - File changed: D:\PBL4\Keylogger\server\Qss\scss\defaultStyle.scss
2024-11-22 23:46:06,009 - ERROR - Failed to compile source code
2024-11-22 23:46:12,974 - INFO - File changed: D:\PBL4\Keylogger\server\Qss\scss\defaultStyle.scss
2024-11-22 23:46:13,307 - INFO - File changed: D:\PBL4\Keylogger\server\Qss\scss\defaultStyle.scss
2024-11-22 23:46:14,709 - INFO - File changed: D:\PBL4\Keylogger\server\Qss\scss\defaultStyle.scss
2024-11-22 23:46:14,799 - ERROR - Failed to compile source code
2024-11-22 23:46:14,819 - INFO - File changed: D:\PBL4\Keylogger\server\Qss\scss\defaultStyle.scss
2024-11-22 23:46:14,892 - ERROR - Failed to compile source code
2024-11-22 23:46:16,028 - INFO - File changed: D:\PBL4\Keylogger\server\Qss\scss\defaultStyle.scss
2024-11-22 23:46:16,174 - ERROR - Failed to compile source code
2024-11-22 23:46:21,612 - INFO - File changed: D:\PBL4\Keylogger\server\Qss\scss\defaultStyle.scss
2024-11-22 23:46:21,926 - INFO - File changed: D:\PBL4\Keylogger\server\Qss\scss\defaultStyle.scss
2024-11-22 23:46:22,806 - INFO - File changed: D:\PBL4\Keylogger\server\Qss\scss\defaultStyle.scss
2024-11-22 23:46:23,294 - INFO - File changed: D:\PBL4\Keylogger\server\Qss\scss\defaultStyle.scss
2024-11-22 23:46:25,261 - INFO - File changed: D:\PBL4\Keylogger\server\Qss\scss\defaultStyle.scss
2024-11-22 23:46:25,349 - ERROR - Failed to compile source code
2024-11-22 23:46:25,370 - INFO - File changed: D:\PBL4\Keylogger\server\Qss\scss\defaultStyle.scss
2024-11-22 23:46:25,459 - ERROR - Failed to compile source code
2024-11-22 23:46:28,713 - INFO - File changed: D:\PBL4\Keylogger\server\Qss\scss\defaultStyle.scss
2024-11-22 23:46:29,937 - INFO - File changed: D:\PBL4\Keylogger\server\Qss\scss\defaultStyle.scss
2024-11-22 23:46:30,230 - INFO - File changed: D:\PBL4\Keylogger\server\Qss\scss\defaultStyle.scss
2024-11-22 23:46:32,086 - INFO - File changed: D:\PBL4\Keylogger\server\Qss\scss\defaultStyle.scss
2024-11-22 23:46:32,546 - INFO - File changed: D:\PBL4\Keylogger\server\Qss\scss\defaultStyle.scss
2024-11-22 23:50:56,771 - INFO - File changed: D:\PBL4\Keylogger\server\Qss\scss\defaultStyle.scss
2024-11-22 23:50:57,127 - INFO - File changed: D:\PBL4\Keylogger\server\Qss\scss\defaultStyle.scss
2024-11-22 23:50:59,232 - INFO - File changed: D:\PBL4\Keylogger\server\Qss\scss\defaultStyle.scss
2024-11-22 23:50:59,334 - ERROR - Failed to compile source code
2024-11-22 23:50:59,359 - INFO - File changed: D:\PBL4\Keylogger\server\Qss\scss\defaultStyle.scss
2024-11-22 23:50:59,438 - ERROR - Failed to compile source code
2024-11-22 23:51:01,650 - INFO - File changed: D:\PBL4\Keylogger\server\Qss\scss\defaultStyle.scss
2024-11-22 23:51:02,065 - INFO - File changed: D:\PBL4\Keylogger\server\Qss\scss\defaultStyle.scss
2024-11-22 23:51:02,798 - INFO - File changed: D:\PBL4\Keylogger\server\Qss\scss\defaultStyle.scss
2024-11-22 23:51:03,079 - INFO - File changed: D:\PBL4\Keylogger\server\Qss\scss\defaultStyle.scss
2024-11-22 23:51:28,009 - INFO - File changed: D:\PBL4\Keylogger\server\json-styles\main.json
2024-11-22 23:51:28,357 - INFO - File changed: D:\PBL4\Keylogger\server\json-styles\main.json
2024-11-22 23:52:22,233 - INFO - File changed: D:\PBL4\Keylogger\server\json-styles\main.json
2024-11-22 23:52:22,598 - INFO - File changed: D:\PBL4\Keylogger\server\json-styles\main.json
2024-11-22 23:54:13,130 - INFO - File changed: D:\PBL4\Keylogger\server\json-styles\main.json
2024-11-22 23:54:13,157 - INFO - File changed: D:\PBL4\Keylogger\server\json-styles\main.json
2024-11-22 23:54:16,017 - INFO - File changed: D:\PBL4\Keylogger\server\json-styles\main.json
2024-11-22 23:54:16,299 - INFO - File changed: D:\PBL4\Keylogger\server\json-styles\main.json
2024-11-22 23:54:42,358 - INFO - Live monitoring Qss/scss/defaultStyle.scss file for changes
2024-11-22 23:54:42,359 - INFO - Live monitoring json-styles/main.json for changes
2024-11-22 23:54:44,329 - INFO - all icons have been checked and missing icons generated!
2024-11-23 00:00:14,292 - INFO - Live monitoring Qss/scss/defaultStyle.scss file for changes
2024-11-23 00:00:14,293 - INFO - Live monitoring json-styles/main.json for changes
2024-11-23 00:00:15,711 - INFO - all icons have been checked and missing icons generated!
2024-11-23 00:00:32,604 - INFO - File changed: D:\PBL4\Keylogger\server\Qss\scss\defaultStyle.scss
2024-11-23 00:00:32,863 - INFO - File changed: D:\PBL4\Keylogger\server\Qss\scss\defaultStyle.scss
2024-11-23 00:00:41,311 - INFO - File changed: D:\PBL4\Keylogger\server\Qss\scss\defaultStyle.scss
2024-11-23 00:00:41,553 - INFO - File changed: D:\PBL4\Keylogger\server\Qss\scss\defaultStyle.scss
2024-11-23 00:01:00,061 - INFO - Live monitoring Qss/scss/defaultStyle.scss file for changes
2024-11-23 00:01:00,062 - INFO - Live monitoring json-styles/main.json for changes
2024-11-23 00:01:01,368 - INFO - all icons have been checked and missing icons generated!
2024-11-23 00:01:11,372 - INFO - File changed: D:\PBL4\Keylogger\server\Qss\scss\defaultStyle.scss
2024-11-23 00:01:11,636 - INFO - File changed: D:\PBL4\Keylogger\server\Qss\scss\defaultStyle.scss
2024-11-23 00:01:36,742 - INFO - File changed: D:\PBL4\Keylogger\server\Qss\scss\defaultStyle.scss
2024-11-23 00:01:37,013 - INFO - File changed: D:\PBL4\Keylogger\server\Qss\scss\defaultStyle.scss
2024-11-23 00:01:44,622 - INFO - File changed: D:\PBL4\Keylogger\server\Qss\scss\defaultStyle.scss
2024-11-23 00:01:44,883 - INFO - File changed: D:\PBL4\Keylogger\server\Qss\scss\defaultStyle.scss
2024-11-23 00:01:46,165 - INFO - File changed: D:\PBL4\Keylogger\server\Qss\scss\defaultStyle.scss
2024-11-23 00:01:51,007 - INFO - File changed: D:\PBL4\Keylogger\server\Qss\scss\defaultStyle.scss
2024-11-23 00:01:51,268 - INFO - File changed: D:\PBL4\Keylogger\server\Qss\scss\defaultStyle.scss
2024-11-23 00:01:55,731 - INFO - File changed: D:\PBL4\Keylogger\server\Qss\scss\defaultStyle.scss
2024-11-23 00:01:56,012 - INFO - File changed: D:\PBL4\Keylogger\server\Qss\scss\defaultStyle.scss
2024-11-23 00:04:39,083 - INFO - File changed: D:\PBL4\Keylogger\server\Qss\scss\defaultStyle.scss
2024-11-23 00:04:39,328 - INFO - File changed: D:\PBL4\Keylogger\server\Qss\scss\defaultStyle.scss
2024-11-23 00:04:41,707 - INFO - File changed: D:\PBL4\Keylogger\server\Qss\scss\defaultStyle.scss
2024-11-23 00:04:41,965 - INFO - File changed: D:\PBL4\Keylogger\server\Qss\scss\defaultStyle.scss
2024-11-23 00:04:48,078 - INFO - File changed: D:\PBL4\Keylogger\server\Qss\scss\defaultStyle.scss
2024-11-23 00:04:48,170 - ERROR - Failed to compile source code
2024-11-23 00:04:48,197 - INFO - File changed: D:\PBL4\Keylogger\server\Qss\scss\defaultStyle.scss
2024-11-23 00:04:48,272 - ERROR - Failed to compile source code
2024-11-23 00:04:52,312 - INFO - File changed: D:\PBL4\Keylogger\server\Qss\scss\defaultStyle.scss
2024-11-23 00:04:52,989 - INFO - File changed: D:\PBL4\Keylogger\server\Qss\scss\defaultStyle.scss
2024-11-23 00:04:56,346 - INFO - File changed: D:\PBL4\Keylogger\server\Qss\scss\defaultStyle.scss
2024-11-23 00:04:56,612 - INFO - File changed: D:\PBL4\Keylogger\server\Qss\scss\defaultStyle.scss
2024-11-23 00:07:01,474 - INFO - File changed: D:\PBL4\Keylogger\server\Qss\scss\defaultStyle.scss
2024-11-23 00:07:01,752 - INFO - File changed: D:\PBL4\Keylogger\server\Qss\scss\defaultStyle.scss
2024-11-23 00:07:04,387 - INFO - File changed: D:\PBL4\Keylogger\server\Qss\scss\defaultStyle.scss
2024-11-23 00:07:04,704 - INFO - File changed: D:\PBL4\Keylogger\server\Qss\scss\defaultStyle.scss
2024-11-23 00:07:52,267 - INFO - File changed: D:\PBL4\Keylogger\server\Qss\scss\defaultStyle.scss
2024-11-23 00:07:52,495 - INFO - File changed: D:\PBL4\Keylogger\server\Qss\scss\defaultStyle.scss
2024-11-23 00:08:18,274 - INFO - File changed: D:\PBL4\Keylogger\server\Qss\scss\defaultStyle.scss
2024-11-23 00:08:18,526 - INFO - File changed: D:\PBL4\Keylogger\server\Qss\scss\defaultStyle.scss
2024-11-23 00:08:22,229 - INFO - File changed: D:\PBL4\Keylogger\server\Qss\scss\defaultStyle.scss
2024-11-23 00:08:22,491 - INFO - File changed: D:\PBL4\Keylogger\server\Qss\scss\defaultStyle.scss
2024-11-23 00:08:24,608 - INFO - File changed: D:\PBL4\Keylogger\server\Qss\scss\defaultStyle.scss
2024-11-23 00:08:24,856 - INFO - File changed: D:\PBL4\Keylogger\server\Qss\scss\defaultStyle.scss
2024-11-23 00:09:20,926 - INFO - File changed: D:\PBL4\Keylogger\server\Qss\scss\defaultStyle.scss
2024-11-23 00:09:21,500 - INFO - File changed: D:\PBL4\Keylogger\server\Qss\scss\defaultStyle.scss
2024-11-23 00:09:34,495 - INFO - File changed: D:\PBL4\Keylogger\server\Qss\scss\defaultStyle.scss
2024-11-23 00:09:34,763 - INFO - File changed: D:\PBL4\Keylogger\server\Qss\scss\defaultStyle.scss
2024-11-23 00:10:06,110 - INFO - File changed: D:\PBL4\Keylogger\server\Qss\scss\defaultStyle.scss
2024-11-23 00:10:06,372 - INFO - File changed: D:\PBL4\Keylogger\server\Qss\scss\defaultStyle.scss
2024-11-23 00:10:16,334 - INFO - File changed: D:\PBL4\Keylogger\server\Qss\scss\defaultStyle.scss
2024-11-23 00:10:21,595 - INFO - File changed: D:\PBL4\Keylogger\server\Qss\scss\defaultStyle.scss
2024-11-23 00:10:21,874 - INFO - File changed: D:\PBL4\Keylogger\server\Qss\scss\defaultStyle.scss
2024-11-23 00:10:30,176 - INFO - File changed: D:\PBL4\Keylogger\server\Qss\scss\defaultStyle.scss
2024-11-23 00:10:30,429 - INFO - File changed: D:\PBL4\Keylogger\server\Qss\scss\defaultStyle.scss
2024-11-23 00:10:35,283 - INFO - File changed: D:\PBL4\Keylogger\server\Qss\scss\defaultStyle.scss
2024-11-23 00:10:35,588 - INFO - File changed: D:\PBL4\Keylogger\server\Qss\scss\defaultStyle.scss
2024-11-23 00:10:41,713 - INFO - File changed: D:\PBL4\Keylogger\server\Qss\scss\defaultStyle.scss
2024-11-23 00:10:41,963 - INFO - File changed: D:\PBL4\Keylogger\server\Qss\scss\defaultStyle.scss
2024-11-23 00:10:43,124 - INFO - File changed: D:\PBL4\Keylogger\server\Qss\scss\defaultStyle.scss
2024-11-23 00:10:43,411 - INFO - File changed: D:\PBL4\Keylogger\server\Qss\scss\defaultStyle.scss
2024-11-23 00:10:56,746 - INFO - File changed: D:\PBL4\Keylogger\server\Qss\scss\defaultStyle.scss
2024-11-23 00:10:57,000 - INFO - File changed: D:\PBL4\Keylogger\server\Qss\scss\defaultStyle.scss
2024-11-23 00:11:00,602 - INFO - File changed: D:\PBL4\Keylogger\server\Qss\scss\defaultStyle.scss
2024-11-23 00:11:00,868 - INFO - File changed: D:\PBL4\Keylogger\server\Qss\scss\defaultStyle.scss
2024-11-23 00:11:08,336 - INFO - File changed: D:\PBL4\Keylogger\server\Qss\scss\defaultStyle.scss
2024-11-23 00:11:08,612 - INFO - File changed: D:\PBL4\Keylogger\server\Qss\scss\defaultStyle.scss
2024-11-23 00:11:54,444 - INFO - File changed: D:\PBL4\Keylogger\server\Qss\scss\defaultStyle.scss
2024-11-23 00:11:54,733 - INFO - File changed: D:\PBL4\Keylogger\server\Qss\scss\defaultStyle.scss
2024-11-23 00:11:56,051 - INFO - File changed: D:\PBL4\Keylogger\server\Qss\scss\defaultStyle.scss
2024-11-23 00:14:57,264 - INFO - File changed: D:\PBL4\Keylogger\server\Qss\scss\defaultStyle.scss
2024-11-23 00:14:57,550 - INFO - File changed: D:\PBL4\Keylogger\server\Qss\scss\defaultStyle.scss
2024-11-23 00:14:59,561 - INFO - File changed: D:\PBL4\Keylogger\server\Qss\scss\defaultStyle.scss
2024-11-23 00:15:42,071 - INFO - File changed: D:\PBL4\Keylogger\server\Qss\scss\defaultStyle.scss
2024-11-23 00:15:42,355 - INFO - File changed: D:\PBL4\Keylogger\server\Qss\scss\defaultStyle.scss
2024-11-23 00:15:56,724 - INFO - File changed: D:\PBL4\Keylogger\server\Qss\scss\defaultStyle.scss
2024-11-23 00:15:56,984 - INFO - File changed: D:\PBL4\Keylogger\server\Qss\scss\defaultStyle.scss
2024-11-23 00:15:59,381 - INFO - File changed: D:\PBL4\Keylogger\server\Qss\scss\defaultStyle.scss
2024-11-23 00:15:59,640 - INFO - File changed: D:\PBL4\Keylogger\server\Qss\scss\defaultStyle.scss
2024-11-23 00:16:06,431 - INFO - File changed: D:\PBL4\Keylogger\server\Qss\scss\defaultStyle.scss
2024-11-23 00:16:06,541 - ERROR - Failed to compile source code
2024-11-23 00:16:06,596 - INFO - File changed: D:\PBL4\Keylogger\server\Qss\scss\defaultStyle.scss
2024-11-23 00:16:06,689 - ERROR - Failed to compile source code
2024-11-23 00:16:08,211 - INFO - File changed: D:\PBL4\Keylogger\server\Qss\scss\defaultStyle.scss
2024-11-23 00:16:08,594 - INFO - File changed: D:\PBL4\Keylogger\server\Qss\scss\defaultStyle.scss
2024-11-23 00:51:29,221 - INFO - Live monitoring Qss/scss/defaultStyle.scss file for changes
2024-11-23 00:51:29,221 - INFO - Live monitoring json-styles/main.json for changes
2024-11-23 00:51:31,292 - INFO - all icons have been checked and missing icons generated!
2024-11-23 00:52:24,435 - INFO - File changed: D:\PBL4\Keylogger\server\Qss\scss\defaultStyle.scss
2024-11-23 00:52:24,733 - INFO - File changed: D:\PBL4\Keylogger\server\Qss\scss\defaultStyle.scss
2024-11-23 00:59:12,757 - INFO - Live monitoring Qss/scss/defaultStyle.scss file for changes
2024-11-23 00:59:12,758 - INFO - Live monitoring json-styles/main.json for changes
2024-11-23 00:59:14,002 - INFO - all icons have been checked and missing icons generated!
2024-11-23 01:00:32,997 - INFO - File changed: D:\PBL4\Keylogger\server\Qss\scss\defaultStyle.scss
2024-11-23 01:00:33,309 - INFO - File changed: D:\PBL4\Keylogger\server\Qss\scss\defaultStyle.scss
2024-11-23 01:01:48,122 - INFO - Live monitoring Qss/scss/defaultStyle.scss file for changes
2024-11-23 01:01:48,123 - INFO - Live monitoring json-styles/main.json for changes
2024-11-23 01:01:49,425 - INFO - all icons have been checked and missing icons generated!
2024-11-23 01:09:48,994 - INFO - Live monitoring Qss/scss/defaultStyle.scss file for changes
2024-11-23 01:09:48,995 - INFO - Live monitoring json-styles/main.json for changes
2024-11-23 01:09:50,937 - INFO - all icons have been checked and missing icons generated!
2024-11-23 01:11:05,428 - INFO - Live monitoring Qss/scss/defaultStyle.scss file for changes
2024-11-23 01:11:05,430 - INFO - Live monitoring json-styles/main.json for changes
2024-11-23 01:11:06,856 - INFO - all icons have been checked and missing icons generated!
2024-11-23 01:12:49,307 - INFO - Live monitoring Qss/scss/defaultStyle.scss file for changes
2024-11-23 01:12:49,308 - INFO - Live monitoring json-styles/main.json for changes
2024-11-23 01:12:50,687 - INFO - all icons have been checked and missing icons generated!
2024-11-23 01:16:14,603 - INFO - File changed: D:\PBL4\Keylogger\server\Qss\scss\defaultStyle.scss
2024-11-23 01:16:18,280 - INFO - File changed: D:\PBL4\Keylogger\server\Qss\scss\defaultStyle.scss
2024-11-23 01:16:18,898 - INFO - File changed: D:\PBL4\Keylogger\server\Qss\scss\defaultStyle.scss
2024-11-23 01:16:20,338 - INFO - File changed: D:\PBL4\Keylogger\server\Qss\scss\defaultStyle.scss
2024-11-23 01:16:20,437 - ERROR - Failed to compile source code
2024-11-23 01:16:20,469 - INFO - File changed: D:\PBL4\Keylogger\server\Qss\scss\defaultStyle.scss
2024-11-23 01:16:20,562 - ERROR - Failed to compile source code
2024-11-23 01:16:25,043 - INFO - File changed: D:\PBL4\Keylogger\server\Qss\scss\defaultStyle.scss
2024-11-23 01:16:25,130 - ERROR - Failed to compile source code
2024-11-23 01:16:25,153 - INFO - File changed: D:\PBL4\Keylogger\server\Qss\scss\defaultStyle.scss
2024-11-23 01:16:25,227 - ERROR - Failed to compile source code
2024-11-23 01:16:48,212 - INFO - File changed: D:\PBL4\Keylogger\server\Qss\scss\defaultStyle.scss
2024-11-23 01:16:48,503 - INFO - File changed: D:\PBL4\Keylogger\server\Qss\scss\defaultStyle.scss
2024-11-23 01:16:50,466 - INFO - File changed: D:\PBL4\Keylogger\server\Qss\scss\defaultStyle.scss
2024-11-23 01:16:50,753 - INFO - File changed: D:\PBL4\Keylogger\server\Qss\scss\defaultStyle.scss
2024-11-23 01:16:51,543 - INFO - File changed: D:\PBL4\Keylogger\server\Qss\scss\defaultStyle.scss
2024-11-23 01:16:51,808 - INFO - File changed: D:\PBL4\Keylogger\server\Qss\scss\defaultStyle.scss
2024-11-23 01:19:35,891 - INFO - Live monitoring Qss/scss/defaultStyle.scss file for changes
2024-11-23 01:19:35,892 - INFO - Live monitoring json-styles/main.json for changes
2024-11-23 01:19:37,237 - INFO - all icons have been checked and missing icons generated!
2024-11-23 01:19:44,635 - INFO - File changed: D:\PBL4\Keylogger\server\Qss\scss\defaultStyle.scss
2024-11-23 01:19:44,957 - INFO - File changed: D:\PBL4\Keylogger\server\Qss\scss\defaultStyle.scss
2024-11-23 01:20:20,231 - INFO - File changed: D:\PBL4\Keylogger\server\Qss\scss\defaultStyle.scss
2024-11-23 01:20:20,488 - INFO - File changed: D:\PBL4\Keylogger\server\Qss\scss\defaultStyle.scss
2024-11-23 01:20:25,694 - INFO - File changed: D:\PBL4\Keylogger\server\Qss\scss\defaultStyle.scss
2024-11-23 01:20:25,788 - ERROR - Failed to compile source code
2024-11-23 01:20:25,812 - INFO - File changed: D:\PBL4\Keylogger\server\Qss\scss\defaultStyle.scss
2024-11-23 01:20:25,894 - ERROR - Failed to compile source code
2024-11-23 01:20:28,998 - INFO - File changed: D:\PBL4\Keylogger\server\Qss\scss\defaultStyle.scss
2024-11-23 01:20:49,747 - INFO - Live monitoring Qss/scss/defaultStyle.scss file for changes
2024-11-23 01:20:49,748 - INFO - Live monitoring json-styles/main.json for changes
2024-11-23 01:20:51,094 - INFO - all icons have been checked and missing icons generated!
2024-11-23 01:21:35,707 - INFO - Live monitoring Qss/scss/defaultStyle.scss file for changes
2024-11-23 01:21:35,708 - INFO - Live monitoring json-styles/main.json for changes
2024-11-23 01:22:32,328 - INFO - Live monitoring Qss/scss/defaultStyle.scss file for changes
2024-11-23 01:22:32,329 - INFO - Live monitoring json-styles/main.json for changes
2024-11-23 01:25:18,234 - INFO - Live monitoring Qss/scss/defaultStyle.scss file for changes
2024-11-23 01:25:18,235 - INFO - Live monitoring json-styles/main.json for changes
2024-11-23 01:25:21,126 - INFO - all icons have been checked and missing icons generated!
2024-11-23 01:25:43,732 - INFO - File changed: D:\PBL4\Keylogger\server\Qss\scss\defaultStyle.scss
2024-11-23 01:25:44,050 - INFO - File changed: D:\PBL4\Keylogger\server\Qss\scss\defaultStyle.scss
2024-11-23 01:26:06,962 - INFO - File changed: D:\PBL4\Keylogger\server\Qss\scss\defaultStyle.scss
2024-11-23 01:26:07,205 - INFO - File changed: D:\PBL4\Keylogger\server\Qss\scss\defaultStyle.scss
2024-11-23 01:26:15,557 - INFO - File changed: D:\PBL4\Keylogger\server\Qss\scss\defaultStyle.scss
2024-11-23 01:26:15,856 - INFO - File changed: D:\PBL4\Keylogger\server\Qss\scss\defaultStyle.scss
2024-11-23 01:26:28,882 - INFO - File changed: D:\PBL4\Keylogger\server\Qss\scss\defaultStyle.scss
2024-11-23 01:26:29,138 - INFO - File changed: D:\PBL4\Keylogger\server\Qss\scss\defaultStyle.scss
2024-11-23 01:26:51,247 - INFO - File changed: D:\PBL4\Keylogger\server\Qss\scss\defaultStyle.scss
2024-11-23 01:26:54,675 - INFO - File changed: D:\PBL4\Keylogger\server\Qss\scss\defaultStyle.scss
2024-11-23 01:26:54,907 - INFO - File changed: D:\PBL4\Keylogger\server\Qss\scss\defaultStyle.scss
2024-11-23 01:28:58,121 - INFO - Live monitoring Qss/scss/defaultStyle.scss file for changes
2024-11-23 01:28:58,122 - INFO - Live monitoring json-styles/main.json for changes
2024-11-23 01:28:59,502 - INFO - all icons have been checked and missing icons generated!
2024-11-23 01:30:02,963 - INFO - Live monitoring Qss/scss/defaultStyle.scss file for changes
2024-11-23 01:30:02,964 - INFO - Live monitoring json-styles/main.json for changes
2024-11-23 01:30:04,387 - INFO - all icons have been checked and missing icons generated!
2024-11-23 01:30:46,898 - INFO - Live monitoring Qss/scss/defaultStyle.scss file for changes
2024-11-23 01:30:46,900 - INFO - Live monitoring json-styles/main.json for changes
2024-11-23 01:30:48,247 - INFO - all icons have been checked and missing icons generated!
2024-11-23 01:31:36,626 - INFO - Live monitoring Qss/scss/defaultStyle.scss file for changes
2024-11-23 01:31:36,627 - INFO - Live monitoring json-styles/main.json for changes
2024-11-23 01:31:37,994 - INFO - all icons have been checked and missing icons generated!
2024-11-23 01:43:16,721 - INFO - Live monitoring Qss/scss/defaultStyle.scss file for changes
2024-11-23 01:43:16,722 - INFO - Live monitoring json-styles/main.json for changes
2024-11-23 01:43:19,269 - INFO - all icons have been checked and missing icons generated!
2024-11-23 01:47:32,859 - INFO - Live monitoring Qss/scss/defaultStyle.scss file for changes
2024-11-23 01:47:32,860 - INFO - Live monitoring json-styles/main.json for changes
2024-11-23 01:47:35,525 - INFO - all icons have been checked and missing icons generated!
2024-11-23 01:49:20,694 - INFO - Live monitoring Qss/scss/defaultStyle.scss file for changes
2024-11-23 01:49:20,696 - INFO - Live monitoring json-styles/main.json for changes
2024-11-23 01:49:22,197 - INFO - all icons have been checked and missing icons generated!
2024-11-23 01:55:25,534 - INFO - File changed: D:\PBL4\Keylogger\server\Qss\scss\defaultStyle.scss
2024-11-23 01:55:25,773 - INFO - File changed: D:\PBL4\Keylogger\server\Qss\scss\defaultStyle.scss
2024-11-23 01:55:32,748 - INFO - File changed: D:\PBL4\Keylogger\server\Qss\scss\defaultStyle.scss
2024-11-23 01:55:32,842 - ERROR - Failed to compile source code
2024-11-23 01:55:32,865 - INFO - File changed: D:\PBL4\Keylogger\server\Qss\scss\defaultStyle.scss
2024-11-23 01:55:32,938 - ERROR - Failed to compile source code
2024-11-23 01:55:35,063 - INFO - File changed: D:\PBL4\Keylogger\server\Qss\scss\defaultStyle.scss
2024-11-23 01:55:35,460 - INFO - File changed: D:\PBL4\Keylogger\server\Qss\scss\defaultStyle.scss
2024-11-23 01:55:39,122 - INFO - File changed: D:\PBL4\Keylogger\server\Qss\scss\defaultStyle.scss
2024-11-23 01:55:49,034 - INFO - File changed: D:\PBL4\Keylogger\server\Qss\scss\defaultStyle.scss
2024-11-23 01:55:49,414 - INFO - File changed: D:\PBL4\Keylogger\server\Qss\scss\defaultStyle.scss
2024-11-23 01:55:50,268 - INFO - File changed: D:\PBL4\Keylogger\server\Qss\scss\defaultStyle.scss
2024-11-23 01:55:50,521 - INFO - File changed: D:\PBL4\Keylogger\server\Qss\scss\defaultStyle.scss
2024-11-23 02:01:19,281 - INFO - Live monitoring Qss/scss/defaultStyle.scss file for changes
2024-11-23 02:01:19,282 - INFO - Live monitoring json-styles/main.json for changes
2024-11-23 02:01:20,890 - INFO - all icons have been checked and missing icons generated!
2024-11-23 02:01:49,107 - INFO - Live monitoring Qss/scss/defaultStyle.scss file for changes
2024-11-23 02:01:49,108 - INFO - Live monitoring json-styles/main.json for changes
2024-11-23 02:01:50,553 - INFO - all icons have been checked and missing icons generated!
2024-11-23 02:02:19,311 - INFO - File changed: D:\PBL4\Keylogger\server\Qss\scss\defaultStyle.scss
2024-11-23 02:02:19,587 - INFO - File changed: D:\PBL4\Keylogger\server\Qss\scss\defaultStyle.scss
2024-11-23 02:02:20,676 - INFO - File changed: D:\PBL4\Keylogger\server\Qss\scss\defaultStyle.scss
2024-11-23 02:02:21,069 - INFO - File changed: D:\PBL4\Keylogger\server\Qss\scss\defaultStyle.scss
2024-11-23 02:02:33,394 - INFO - File changed: D:\PBL4\Keylogger\server\Qss\scss\defaultStyle.scss
2024-11-23 02:02:33,479 - ERROR - Failed to compile source code
2024-11-23 02:02:41,087 - INFO - File changed: D:\PBL4\Keylogger\server\Qss\scss\defaultStyle.scss
2024-11-23 02:02:41,173 - ERROR - Failed to compile source code
2024-11-23 02:02:41,191 - INFO - File changed: D:\PBL4\Keylogger\server\Qss\scss\defaultStyle.scss
2024-11-23 02:02:41,269 - ERROR - Failed to compile source code
2024-11-23 02:02:47,144 - INFO - File changed: D:\PBL4\Keylogger\server\Qss\scss\defaultStyle.scss
2024-11-23 02:02:47,418 - INFO - File changed: D:\PBL4\Keylogger\server\Qss\scss\defaultStyle.scss
2024-11-23 02:02:48,330 - INFO - File changed: D:\PBL4\Keylogger\server\Qss\scss\defaultStyle.scss
2024-11-23 02:02:58,794 - INFO - File changed: D:\PBL4\Keylogger\server\Qss\scss\defaultStyle.scss
2024-11-23 02:03:04,876 - INFO - File changed: D:\PBL4\Keylogger\server\Qss\scss\defaultStyle.scss
2024-11-23 02:03:04,962 - ERROR - Failed to compile source code
2024-11-23 02:03:04,987 - INFO - File changed: D:\PBL4\Keylogger\server\Qss\scss\defaultStyle.scss
2024-11-23 02:03:05,055 - ERROR - Failed to compile source code
2024-11-23 02:03:06,114 - INFO - File changed: D:\PBL4\Keylogger\server\Qss\scss\defaultStyle.scss
2024-11-23 02:03:06,203 - ERROR - Failed to compile source code
2024-11-23 02:03:06,224 - INFO - File changed: D:\PBL4\Keylogger\server\Qss\scss\defaultStyle.scss
2024-11-23 02:03:06,302 - ERROR - Failed to compile source code
2024-11-23 02:03:09,838 - INFO - File changed: D:\PBL4\Keylogger\server\Qss\scss\defaultStyle.scss
2024-11-23 02:03:10,085 - INFO - File changed: D:\PBL4\Keylogger\server\Qss\scss\defaultStyle.scss
2024-11-23 02:06:33,895 - INFO - Live monitoring Qss/scss/defaultStyle.scss file for changes
2024-11-23 02:06:33,896 - INFO - Live monitoring json-styles/main.json for changes
2024-11-23 02:06:35,562 - INFO - all icons have been checked and missing icons generated!
2024-11-23 02:07:15,803 - INFO - File changed: D:\PBL4\Keylogger\server\Qss\scss\defaultStyle.scss
2024-11-23 02:07:16,091 - INFO - File changed: D:\PBL4\Keylogger\server\Qss\scss\defaultStyle.scss
2024-11-23 02:07:16,895 - INFO - File changed: D:\PBL4\Keylogger\server\Qss\scss\defaultStyle.scss
2024-11-23 02:07:17,331 - INFO - File changed: D:\PBL4\Keylogger\server\Qss\scss\defaultStyle.scss
2024-11-23 02:07:30,327 - INFO - File changed: D:\PBL4\Keylogger\server\Qss\scss\defaultStyle.scss
2024-11-23 02:07:30,431 - ERROR - Failed to compile source code
2024-11-23 02:07:30,452 - INFO - File changed: D:\PBL4\Keylogger\server\Qss\scss\defaultStyle.scss
2024-11-23 02:07:30,524 - ERROR - Failed to compile source code
2024-11-23 02:07:31,695 - INFO - File changed: D:\PBL4\Keylogger\server\Qss\scss\defaultStyle.scss
2024-11-23 02:07:31,831 - ERROR - Failed to compile source code
2024-11-23 02:07:32,062 - INFO - File changed: D:\PBL4\Keylogger\server\Qss\scss\defaultStyle.scss
2024-11-23 02:07:32,191 - ERROR - Failed to compile source code
2024-11-23 02:07:33,492 - INFO - File changed: D:\PBL4\Keylogger\server\Qss\scss\defaultStyle.scss
2024-11-23 02:07:33,753 - INFO - File changed: D:\PBL4\Keylogger\server\Qss\scss\defaultStyle.scss
2024-11-23 02:07:41,924 - INFO - File changed: D:\PBL4\Keylogger\server\Qss\scss\defaultStyle.scss
2024-11-23 02:07:42,184 - INFO - File changed: D:\PBL4\Keylogger\server\Qss\scss\defaultStyle.scss
2024-11-23 02:08:34,725 - INFO - Live monitoring Qss/scss/defaultStyle.scss file for changes
2024-11-23 02:08:34,726 - INFO - Live monitoring json-styles/main.json for changes
2024-11-23 02:08:36,114 - INFO - all icons have been checked and missing icons generated!
2024-11-23 02:09:51,607 - INFO - Live monitoring Qss/scss/defaultStyle.scss file for changes
2024-11-23 02:09:51,608 - INFO - Live monitoring json-styles/main.json for changes
2024-11-23 02:09:52,884 - INFO - all icons have been checked and missing icons generated!
2024-11-23 02:10:57,889 - INFO - Live monitoring Qss/scss/defaultStyle.scss file for changes
2024-11-23 02:10:57,890 - INFO - Live monitoring json-styles/main.json for changes
2024-11-23 02:10:59,172 - INFO - all icons have been checked and missing icons generated!
2024-11-23 02:11:38,866 - INFO - File changed: D:\PBL4\Keylogger\server\Qss\scss\defaultStyle.scss
2024-11-23 02:16:25,562 - INFO - Live monitoring Qss/scss/defaultStyle.scss file for changes
2024-11-23 02:16:25,563 - INFO - Live monitoring json-styles/main.json for changes
2024-11-23 02:16:28,234 - INFO - all icons have been checked and missing icons generated!
2024-11-23 02:17:54,416 - INFO - Live monitoring Qss/scss/defaultStyle.scss file for changes
2024-11-23 02:17:54,419 - INFO - Live monitoring json-styles/main.json for changes
2024-11-23 02:17:55,843 - INFO - all icons have been checked and missing icons generated!
2024-11-23 02:18:52,994 - INFO - File changed: D:\PBL4\Keylogger\server\Qss\scss\defaultStyle.scss
2024-11-23 02:18:53,474 - INFO - File changed: D:\PBL4\Keylogger\server\Qss\scss\defaultStyle.scss
2024-11-23 02:18:55,816 - INFO - File changed: D:\PBL4\Keylogger\server\Qss\scss\defaultStyle.scss
2024-11-23 02:18:56,626 - INFO - File changed: D:\PBL4\Keylogger\server\Qss\scss\defaultStyle.scss
2024-11-23 02:19:08,668 - INFO - File changed: D:\PBL4\Keylogger\server\Qss\scss\defaultStyle.scss
2024-11-23 02:19:08,765 - ERROR - Failed to compile source code
2024-11-23 02:19:08,789 - INFO - File changed: D:\PBL4\Keylogger\server\Qss\scss\defaultStyle.scss
2024-11-23 02:19:08,859 - ERROR - Failed to compile source code
2024-11-23 02:19:13,428 - INFO - File changed: D:\PBL4\Keylogger\server\Qss\scss\defaultStyle.scss
2024-11-23 02:19:13,991 - INFO - File changed: D:\PBL4\Keylogger\server\Qss\scss\defaultStyle.scss
2024-11-23 02:19:18,882 - INFO - File changed: D:\PBL4\Keylogger\server\Qss\scss\defaultStyle.scss
2024-11-23 02:19:18,962 - ERROR - Failed to compile source code
2024-11-23 02:19:18,988 - INFO - File changed: D:\PBL4\Keylogger\server\Qss\scss\defaultStyle.scss
2024-11-23 02:19:19,063 - ERROR - Failed to compile source code
2024-11-23 02:19:22,649 - INFO - File changed: D:\PBL4\Keylogger\server\Qss\scss\defaultStyle.scss
2024-11-23 02:19:22,891 - INFO - File changed: D:\PBL4\Keylogger\server\Qss\scss\defaultStyle.scss
2024-11-23 03:01:42,208 - INFO - Live monitoring Qss/scss/defaultStyle.scss file for changes
2024-11-23 03:01:42,258 - INFO - Live monitoring json-styles/main.json for changes
2024-11-23 03:03:33,221 - INFO - Live monitoring Qss/scss/defaultStyle.scss file for changes
2024-11-23 03:03:33,222 - INFO - Live monitoring json-styles/main.json for changes
2024-11-23 03:03:34,654 - INFO - all icons have been checked and missing icons generated!
2024-11-23 03:04:35,535 - INFO - File changed: D:\PBL4\Keylogger\server\Qss\scss\defaultStyle.scss
2024-11-23 03:04:38,597 - INFO - File changed: D:\PBL4\Keylogger\server\Qss\scss\defaultStyle.scss
2024-11-23 03:04:38,839 - INFO - File changed: D:\PBL4\Keylogger\server\Qss\scss\defaultStyle.scss
2024-11-23 03:04:46,352 - INFO - File changed: D:\PBL4\Keylogger\server\Qss\scss\defaultStyle.scss
2024-11-23 03:04:46,630 - INFO - File changed: D:\PBL4\Keylogger\server\Qss\scss\defaultStyle.scss
2024-11-23 03:05:04,835 - INFO - File changed: D:\PBL4\Keylogger\server\Qss\scss\defaultStyle.scss
2024-11-23 03:05:55,515 - INFO - File changed: D:\PBL4\Keylogger\server\Qss\scss\defaultStyle.scss
2024-11-23 03:05:55,798 - INFO - File changed: D:\PBL4\Keylogger\server\Qss\scss\defaultStyle.scss
2024-11-23 03:06:05,718 - INFO - File changed: D:\PBL4\Keylogger\server\Qss\scss\defaultStyle.scss
2024-11-23 03:06:05,968 - INFO - File changed: D:\PBL4\Keylogger\server\Qss\scss\defaultStyle.scss
2024-11-23 03:06:17,928 - INFO - File changed: D:\PBL4\Keylogger\server\Qss\scss\defaultStyle.scss
2024-11-23 03:06:18,240 - INFO - File changed: D:\PBL4\Keylogger\server\Qss\scss\defaultStyle.scss
2024-11-23 03:10:40,652 - INFO - Live monitoring Qss/scss/defaultStyle.scss file for changes
2024-11-23 03:10:40,653 - INFO - Live monitoring json-styles/main.json for changes
2024-11-23 03:10:41,926 - INFO - all icons have been checked and missing icons generated!
2024-11-23 03:10:56,729 - INFO - File changed: D:\PBL4\Keylogger\server\Qss\scss\defaultStyle.scss
2024-11-23 03:10:57,042 - INFO - File changed: D:\PBL4\Keylogger\server\Qss\scss\defaultStyle.scss
2024-11-23 03:10:57,891 - INFO - File changed: D:\PBL4\Keylogger\server\Qss\scss\defaultStyle.scss
2024-11-23 03:10:58,057 - ERROR - Failed to compile source code
2024-11-23 03:10:58,082 - INFO - File changed: D:\PBL4\Keylogger\server\Qss\scss\defaultStyle.scss
2024-11-23 03:10:58,157 - ERROR - Failed to compile source code
2024-11-23 03:11:04,457 - INFO - File changed: D:\PBL4\Keylogger\server\Qss\scss\defaultStyle.scss
2024-11-23 03:11:04,714 - INFO - File changed: D:\PBL4\Keylogger\server\Qss\scss\defaultStyle.scss
2024-11-23 03:11:05,803 - INFO - File changed: D:\PBL4\Keylogger\server\Qss\scss\defaultStyle.scss
2024-11-23 03:11:06,063 - INFO - File changed: D:\PBL4\Keylogger\server\Qss\scss\defaultStyle.scss
2024-11-23 03:11:17,231 - INFO - File changed: D:\PBL4\Keylogger\server\Qss\scss\defaultStyle.scss
2024-11-23 03:11:17,517 - INFO - File changed: D:\PBL4\Keylogger\server\Qss\scss\defaultStyle.scss
2024-11-23 03:11:26,837 - INFO - File changed: D:\PBL4\Keylogger\server\Qss\scss\defaultStyle.scss
2024-11-23 03:11:27,313 - INFO - File changed: D:\PBL4\Keylogger\server\Qss\scss\defaultStyle.scss
2024-11-23 03:11:28,129 - INFO - File changed: D:\PBL4\Keylogger\server\Qss\scss\defaultStyle.scss
2024-11-23 03:11:29,276 - INFO - File changed: D:\PBL4\Keylogger\server\Qss\scss\defaultStyle.scss
2024-11-23 03:11:29,584 - INFO - File changed: D:\PBL4\Keylogger\server\Qss\scss\defaultStyle.scss
2024-11-23 03:12:24,226 - INFO - File changed: D:\PBL4\Keylogger\server\Qss\scss\defaultStyle.scss
2024-11-23 03:12:24,318 - ERROR - Failed to compile source code
2024-11-23 03:12:24,352 - INFO - File changed: D:\PBL4\Keylogger\server\Qss\scss\defaultStyle.scss
2024-11-23 03:12:24,437 - ERROR - Failed to compile source code
2024-11-23 03:12:37,147 - INFO - File changed: D:\PBL4\Keylogger\server\Qss\scss\defaultStyle.scss
2024-11-23 03:12:37,597 - INFO - File changed: D:\PBL4\Keylogger\server\Qss\scss\defaultStyle.scss
2024-11-23 03:13:10,663 - INFO - File changed: D:\PBL4\Keylogger\server\Qss\scss\defaultStyle.scss
2024-11-23 03:13:10,950 - INFO - File changed: D:\PBL4\Keylogger\server\Qss\scss\defaultStyle.scss
2024-11-23 03:13:35,464 - INFO - File changed: D:\PBL4\Keylogger\server\Qss\scss\defaultStyle.scss
2024-11-23 03:13:35,732 - INFO - File changed: D:\PBL4\Keylogger\server\Qss\scss\defaultStyle.scss
2024-11-23 03:13:51,585 - INFO - File changed: D:\PBL4\Keylogger\server\Qss\scss\defaultStyle.scss
2024-11-23 03:13:51,857 - INFO - File changed: D:\PBL4\Keylogger\server\Qss\scss\defaultStyle.scss
2024-11-23 03:13:54,186 - INFO - File changed: D:\PBL4\Keylogger\server\Qss\scss\defaultStyle.scss
2024-11-23 03:13:54,280 - ERROR - Failed to compile source code
2024-11-23 03:13:54,300 - INFO - File changed: D:\PBL4\Keylogger\server\Qss\scss\defaultStyle.scss
2024-11-23 03:13:54,377 - ERROR - Failed to compile source code
2024-11-23 03:13:56,776 - INFO - File changed: D:\PBL4\Keylogger\server\Qss\scss\defaultStyle.scss
2024-11-23 03:13:57,047 - INFO - File changed: D:\PBL4\Keylogger\server\Qss\scss\defaultStyle.scss
2024-11-23 03:14:07,962 - INFO - File changed: D:\PBL4\Keylogger\server\Qss\scss\defaultStyle.scss
2024-11-23 03:14:08,232 - INFO - File changed: D:\PBL4\Keylogger\server\Qss\scss\defaultStyle.scss
2024-11-23 03:14:49,458 - INFO - File changed: D:\PBL4\Keylogger\server\Qss\scss\defaultStyle.scss
2024-11-23 03:14:55,069 - INFO - File changed: D:\PBL4\Keylogger\server\Qss\scss\defaultStyle.scss
2024-11-23 03:14:57,321 - INFO - File changed: D:\PBL4\Keylogger\server\Qss\scss\defaultStyle.scss
2024-11-23 03:14:57,603 - INFO - File changed: D:\PBL4\Keylogger\server\Qss\scss\defaultStyle.scss
2024-11-23 03:15:12,266 - INFO - File changed: D:\PBL4\Keylogger\server\Qss\scss\defaultStyle.scss
2024-11-23 03:15:40,113 - INFO - File changed: D:\PBL4\Keylogger\server\Qss\scss\defaultStyle.scss
2024-11-23 03:15:40,426 - INFO - File changed: D:\PBL4\Keylogger\server\Qss\scss\defaultStyle.scss
2024-11-23 03:16:05,716 - INFO - File changed: D:\PBL4\Keylogger\server\Qss\scss\defaultStyle.scss
2024-11-23 03:23:19,764 - INFO - Live monitoring Qss/scss/defaultStyle.scss file for changes
2024-11-23 03:23:19,765 - INFO - Live monitoring json-styles/main.json for changes
2024-11-23 03:23:58,987 - INFO - Live monitoring Qss/scss/defaultStyle.scss file for changes
2024-11-23 03:23:58,988 - INFO - Live monitoring json-styles/main.json for changes
2024-11-23 03:24:32,450 - INFO - Live monitoring Qss/scss/defaultStyle.scss file for changes
2024-11-23 03:24:32,451 - INFO - Live monitoring json-styles/main.json for changes
2024-11-23 03:25:40,524 - INFO - Live monitoring Qss/scss/defaultStyle.scss file for changes
2024-11-23 03:25:40,525 - INFO - Live monitoring json-styles/main.json for changes
2024-11-23 03:25:41,777 - INFO - all icons have been checked and missing icons generated!
2024-11-23 03:30:06,151 - INFO - Live monitoring Qss/scss/defaultStyle.scss file for changes
2024-11-23 03:30:06,152 - INFO - Live monitoring json-styles/main.json for changes
2024-11-23 03:30:08,649 - INFO - all icons have been checked and missing icons generated!
2024-11-23 03:31:14,405 - INFO - Live monitoring Qss/scss/defaultStyle.scss file for changes
2024-11-23 03:31:14,405 - INFO - Live monitoring json-styles/main.json for changes
2024-11-23 03:31:15,686 - INFO - all icons have been checked and missing icons generated!
2024-11-23 03:33:10,941 - INFO - Live monitoring Qss/scss/defaultStyle.scss file for changes
2024-11-23 03:33:10,943 - INFO - Live monitoring json-styles/main.json for changes
2024-11-23 03:33:12,300 - INFO - all icons have been checked and missing icons generated!
2024-11-23 03:33:17,076 - INFO - ('Current icons color ', '#000000', 'New icons color', '#fefefe')
2024-11-23 03:33:17,076 - INFO - Generating icons for your theme, please wait. This may take long
2024-11-23 03:36:15,749 - INFO - Live monitoring Qss/scss/defaultStyle.scss file for changes
2024-11-23 03:36:15,750 - INFO - Live monitoring json-styles/main.json for changes
2024-11-23 03:36:17,919 - INFO - all icons have been checked and missing icons generated!
2024-11-23 03:38:06,404 - INFO - Live monitoring Qss/scss/defaultStyle.scss file for changes
2024-11-23 03:38:06,406 - INFO - Live monitoring json-styles/main.json for changes
2024-11-23 03:38:06,658 - ERROR - Failed to compile source code
2024-11-23 03:38:37,506 - INFO - Live monitoring Qss/scss/defaultStyle.scss file for changes
2024-11-23 03:38:37,507 - INFO - Live monitoring json-styles/main.json for changes
2024-11-23 03:38:39,689 - INFO - all icons have been checked and missing icons generated!
2024-11-23 03:39:08,794 - INFO - File changed: D:\PBL4\Keylogger\server\Qss\scss\defaultStyle.scss
2024-11-23 03:39:09,198 - INFO - File changed: D:\PBL4\Keylogger\server\Qss\scss\defaultStyle.scss
2024-11-23 03:39:38,187 - INFO - File changed: D:\PBL4\Keylogger\server\Qss\scss\defaultStyle.scss
2024-11-23 03:43:08,230 - INFO - Live monitoring Qss/scss/defaultStyle.scss file for changes
2024-11-23 03:43:08,231 - INFO - Live monitoring json-styles/main.json for changes
2024-11-23 03:43:09,565 - INFO - all icons have been checked and missing icons generated!
2024-11-23 03:44:48,142 - INFO - Live monitoring Qss/scss/defaultStyle.scss file for changes
2024-11-23 03:44:48,143 - INFO - Live monitoring json-styles/main.json for changes
2024-11-23 03:44:49,501 - INFO - all icons have been checked and missing icons generated!
2024-11-23 03:46:45,240 - INFO - Live monitoring Qss/scss/defaultStyle.scss file for changes
2024-11-23 03:46:45,241 - INFO - Live monitoring json-styles/main.json for changes
2024-11-23 03:46:46,561 - INFO - all icons have been checked and missing icons generated!
2024-11-23 03:47:35,770 - INFO - File changed: D:\PBL4\Keylogger\server\Qss\scss\defaultStyle.scss
2024-11-23 03:47:36,085 - INFO - File changed: D:\PBL4\Keylogger\server\Qss\scss\defaultStyle.scss
2024-11-23 03:47:38,520 - INFO - File changed: D:\PBL4\Keylogger\server\Qss\scss\defaultStyle.scss
2024-11-23 03:47:38,917 - INFO - File changed: D:\PBL4\Keylogger\server\Qss\scss\defaultStyle.scss
2024-11-23 03:47:40,840 - INFO - File changed: D:\PBL4\Keylogger\server\Qss\scss\defaultStyle.scss
2024-11-23 03:47:41,180 - INFO - File changed: D:\PBL4\Keylogger\server\Qss\scss\defaultStyle.scss
2024-11-23 03:47:44,032 - INFO - File changed: D:\PBL4\Keylogger\server\Qss\scss\defaultStyle.scss
2024-11-23 03:47:44,423 - INFO - File changed: D:\PBL4\Keylogger\server\Qss\scss\defaultStyle.scss
2024-11-23 03:47:46,889 - INFO - File changed: D:\PBL4\Keylogger\server\Qss\scss\defaultStyle.scss
2024-11-23 03:47:47,174 - INFO - File changed: D:\PBL4\Keylogger\server\Qss\scss\defaultStyle.scss
2024-11-23 03:48:25,818 - INFO - File changed: D:\PBL4\Keylogger\server\Qss\scss\defaultStyle.scss
2024-11-23 03:48:29,298 - INFO - File changed: D:\PBL4\Keylogger\server\Qss\scss\defaultStyle.scss
2024-11-23 03:48:29,557 - INFO - File changed: D:\PBL4\Keylogger\server\Qss\scss\defaultStyle.scss
2024-11-23 03:48:47,065 - INFO - File changed: D:\PBL4\Keylogger\server\Qss\scss\defaultStyle.scss
2024-11-23 03:48:47,404 - INFO - File changed: D:\PBL4\Keylogger\server\Qss\scss\defaultStyle.scss
2024-11-23 03:48:50,834 - INFO - File changed: D:\PBL4\Keylogger\server\Qss\scss\defaultStyle.scss
2024-11-23 03:48:51,091 - INFO - File changed: D:\PBL4\Keylogger\server\Qss\scss\defaultStyle.scss
2024-11-23 03:49:06,576 - INFO - File changed: D:\PBL4\Keylogger\server\Qss\scss\defaultStyle.scss
2024-11-23 03:49:06,858 - INFO - File changed: D:\PBL4\Keylogger\server\Qss\scss\defaultStyle.scss
2024-11-23 03:49:07,780 - INFO - File changed: D:\PBL4\Keylogger\server\Qss\scss\defaultStyle.scss
2024-11-23 03:49:08,127 - INFO - File changed: D:\PBL4\Keylogger\server\Qss\scss\defaultStyle.scss
2024-11-23 04:44:00,915 - INFO - Live monitoring Qss/scss/defaultStyle.scss file for changes
2024-11-23 04:44:00,966 - INFO - Live monitoring json-styles/main.json for changes
2024-11-23 13:36:26,091 - INFO - Live monitoring Qss/scss/defaultStyle.scss file for changes
2024-11-23 13:36:26,094 - INFO - Live monitoring json-styles/main.json for changes
2024-11-23 13:36:28,002 - INFO - ('Current icons color ', None, 'New icons color', '#000000')
2024-11-23 13:36:28,037 - INFO - Generating icons for your theme, please wait. This may take long
2024-11-23 13:36:41,374 - INFO - Live monitoring Qss/scss/defaultStyle.scss file for changes
2024-11-23 13:36:41,376 - INFO - Live monitoring json-styles/main.json for changes
2024-11-23 13:37:05,806 - INFO - Live monitoring Qss/scss/defaultStyle.scss file for changes
2024-11-23 13:37:05,807 - INFO - Live monitoring json-styles/main.json for changes
2024-11-23 13:37:07,722 - INFO - all icons have been checked and missing icons generated!
2024-11-23 13:37:13,512 - INFO - ('Current icons color ', '#000000', 'New icons color', '#fefefe')
2024-11-23 13:37:13,512 - INFO - Generating icons for your theme, please wait. This may take long
2024-11-23 13:37:15,234 - INFO - ('Current icons color ', '#fefefe', 'New icons color', '#000000')
2024-11-23 13:37:15,234 - INFO - Generating icons for your theme, please wait. This may take long
2024-11-23 13:37:17,767 - INFO - ('Current icons color ', '#000000', 'New icons color', '#FFFFFF')
2024-11-23 13:37:17,767 - INFO - Generating icons for your theme, please wait. This may take long
2024-11-23 13:38:18,775 - INFO - ('Current icons color ', '#FFFFFF', 'New icons color', 'black')
2024-11-23 13:38:18,775 - INFO - Generating icons for your theme, please wait. This may take long
2024-11-23 13:46:26,246 - INFO - Live monitoring Qss/scss/defaultStyle.scss file for changes
2024-11-23 13:46:26,250 - INFO - Live monitoring json-styles/main.json for changes
2024-11-23 13:46:28,021 - INFO - all icons have been checked and missing icons generated!
2024-11-23 13:46:44,099 - INFO - ('Current icons color ', 'black', 'New icons color', '#000000')
2024-11-23 13:46:44,099 - INFO - Generating icons for your theme, please wait. This may take long
2024-11-23 13:46:46,342 - INFO - ('Current icons color ', '#000000', 'New icons color', 'black')
2024-11-23 13:46:46,342 - INFO - Generating icons for your theme, please wait. This may take long
2024-11-23 13:46:47,985 - INFO - ('Current icons color ', 'black', 'New icons color', '#fefefe')
2024-11-23 13:46:47,985 - INFO - Generating icons for your theme, please wait. This may take long
2024-11-23 13:47:01,259 - INFO - ('Current icons color ', '#fefefe', 'New icons color', 'black')
2024-11-23 13:47:01,259 - INFO - Generating icons for your theme, please wait. This may take long
2024-11-23 14:05:03,018 - INFO - Live monitoring Qss/scss/defaultStyle.scss file for changes
2024-11-23 14:05:03,021 - INFO - Live monitoring json-styles/main.json for changes
2024-11-23 14:05:32,180 - INFO - Live monitoring Qss/scss/defaultStyle.scss file for changes
2024-11-23 14:05:32,182 - INFO - Live monitoring json-styles/main.json for changes
2024-11-23 14:05:38,154 - INFO - all icons have been checked and missing icons generated!
2024-11-23 14:05:48,225 - INFO - ('Current icons color ', 'black', 'New icons color', '#FFFFFF')
2024-11-23 14:05:48,225 - INFO - Generating icons for your theme, please wait. This may take long
2024-11-23 14:05:50,457 - INFO - ('Current icons color ', '#FFFFFF', 'New icons color', 'black')
2024-11-23 14:05:50,457 - INFO - Generating icons for your theme, please wait. This may take long
2024-11-23 14:07:40,237 - INFO - Live monitoring Qss/scss/defaultStyle.scss file for changes
2024-11-23 14:07:40,238 - INFO - Live monitoring json-styles/main.json for changes
2024-11-23 14:07:42,218 - INFO - all icons have been checked and missing icons generated!
2024-11-23 14:07:52,639 - INFO - Live monitoring Qss/scss/defaultStyle.scss file for changes
2024-11-23 14:07:52,640 - INFO - Live monitoring json-styles/main.json for changes
2024-11-23 14:07:53,833 - INFO - all icons have been checked and missing icons generated!
2024-11-23 14:08:11,094 - INFO - Live monitoring Qss/scss/defaultStyle.scss file for changes
2024-11-23 14:08:11,096 - INFO - Live monitoring json-styles/main.json for changes
2024-11-23 14:08:12,281 - INFO - all icons have been checked and missing icons generated!
2024-11-23 14:10:19,082 - INFO - Live monitoring Qss/scss/defaultStyle.scss file for changes
2024-11-23 14:10:19,083 - INFO - Live monitoring json-styles/main.json for changes
2024-11-23 14:10:20,878 - INFO - all icons have been checked and missing icons generated!
2024-11-23 14:14:58,639 - INFO - Live monitoring Qss/scss/defaultStyle.scss file for changes
2024-11-23 14:14:58,641 - INFO - Live monitoring json-styles/main.json for changes
2024-11-23 14:15:00,768 - INFO - all icons have been checked and missing icons generated!
2024-11-23 14:16:23,478 - INFO - Live monitoring Qss/scss/defaultStyle.scss file for changes
2024-11-23 14:16:23,479 - INFO - Live monitoring json-styles/main.json for changes
2024-11-23 14:16:25,314 - INFO - all icons have been checked and missing icons generated!
2024-11-23 14:19:31,707 - INFO - Live monitoring Qss/scss/defaultStyle.scss file for changes
2024-11-23 14:19:31,709 - INFO - Live monitoring json-styles/main.json for changes
2024-11-23 14:19:33,522 - INFO - all icons have been checked and missing icons generated!
2024-11-23 14:22:13,578 - INFO - Live monitoring Qss/scss/defaultStyle.scss file for changes
2024-11-23 14:22:13,579 - INFO - Live monitoring json-styles/main.json for changes
2024-11-23 14:22:15,666 - INFO - all icons have been checked and missing icons generated!
2024-11-23 14:22:45,131 - INFO - Live monitoring Qss/scss/defaultStyle.scss file for changes
2024-11-23 14:22:45,132 - INFO - Live monitoring json-styles/main.json for changes
2024-11-23 14:22:46,212 - INFO - all icons have been checked and missing icons generated!
2024-11-23 14:23:08,235 - INFO - Live monitoring Qss/scss/defaultStyle.scss file for changes
2024-11-23 14:23:08,237 - INFO - Live monitoring json-styles/main.json for changes
2024-11-23 14:23:09,279 - INFO - all icons have been checked and missing icons generated!
2024-11-23 14:23:33,466 - INFO - Live monitoring Qss/scss/defaultStyle.scss file for changes
2024-11-23 14:23:33,469 - INFO - Live monitoring json-styles/main.json for changes
2024-11-23 14:23:34,664 - INFO - all icons have been checked and missing icons generated!
2024-11-23 14:24:45,929 - INFO - Live monitoring Qss/scss/defaultStyle.scss file for changes
2024-11-23 14:24:45,930 - INFO - Live monitoring json-styles/main.json for changes
2024-11-23 14:24:46,970 - INFO - all icons have been checked and missing icons generated!
2024-11-23 14:24:58,568 - INFO - Live monitoring Qss/scss/defaultStyle.scss file for changes
2024-11-23 14:24:58,569 - INFO - Live monitoring json-styles/main.json for changes
2024-11-23 14:24:59,609 - INFO - all icons have been checked and missing icons generated!
2024-11-23 14:26:23,187 - INFO - Live monitoring Qss/scss/defaultStyle.scss file for changes
2024-11-23 14:26:23,189 - INFO - Live monitoring json-styles/main.json for changes
2024-11-23 14:26:24,682 - INFO - all icons have been checked and missing icons generated!
2024-11-23 14:35:29,881 - INFO - Live monitoring Qss/scss/defaultStyle.scss file for changes
2024-11-23 14:35:29,884 - INFO - Live monitoring json-styles/main.json for changes
2024-11-23 14:35:31,804 - INFO - all icons have been checked and missing icons generated!
2024-11-23 14:36:25,145 - INFO - Live monitoring Qss/scss/defaultStyle.scss file for changes
2024-11-23 14:36:25,146 - INFO - Live monitoring json-styles/main.json for changes
2024-11-23 14:36:26,603 - INFO - all icons have been checked and missing icons generated!
2024-11-23 15:23:13,088 - INFO - Live monitoring Qss/scss/defaultStyle.scss file for changes
2024-11-23 15:23:13,090 - INFO - Live monitoring json-styles/main.json for changes
2024-11-23 15:24:11,123 - INFO - Live monitoring Qss/scss/defaultStyle.scss file for changes
2024-11-23 15:24:11,124 - INFO - Live monitoring json-styles/main.json for changes
2024-11-23 15:24:12,551 - INFO - all icons have been checked and missing icons generated!
2024-11-23 15:29:22,121 - INFO - Live monitoring Qss/scss/defaultStyle.scss file for changes
2024-11-23 15:29:22,127 - INFO - Live monitoring json-styles/main.json for changes
2024-11-23 15:30:00,450 - INFO - Live monitoring Qss/scss/defaultStyle.scss file for changes
2024-11-23 15:30:00,451 - INFO - Live monitoring json-styles/main.json for changes
2024-11-23 15:30:01,976 - INFO - all icons have been checked and missing icons generated!
2024-11-23 15:33:14,337 - INFO - Live monitoring Qss/scss/defaultStyle.scss file for changes
2024-11-23 15:33:14,338 - INFO - Live monitoring json-styles/main.json for changes
2024-11-23 15:33:15,421 - INFO - all icons have been checked and missing icons generated!
2024-11-23 15:36:34,605 - INFO - Live monitoring Qss/scss/defaultStyle.scss file for changes
2024-11-23 15:36:34,606 - INFO - Live monitoring json-styles/main.json for changes
2024-11-23 15:36:35,993 - INFO - all icons have been checked and missing icons generated!
2024-11-23 15:38:28,276 - INFO - Live monitoring Qss/scss/defaultStyle.scss file for changes
2024-11-23 15:38:28,277 - INFO - Live monitoring json-styles/main.json for changes
2024-11-23 15:38:29,672 - INFO - all icons have been checked and missing icons generated!
2024-11-23 15:40:05,915 - INFO - Live monitoring Qss/scss/defaultStyle.scss file for changes
2024-11-23 15:40:05,916 - INFO - Live monitoring json-styles/main.json for changes
2024-11-23 15:40:09,735 - INFO - all icons have been checked and missing icons generated!
2024-11-23 15:40:50,825 - INFO - Live monitoring Qss/scss/defaultStyle.scss file for changes
2024-11-23 15:40:50,826 - INFO - Live monitoring json-styles/main.json for changes
2024-11-23 15:40:51,989 - INFO - all icons have been checked and missing icons generated!
2024-11-23 15:41:17,728 - INFO - Live monitoring Qss/scss/defaultStyle.scss file for changes
2024-11-23 15:41:17,729 - INFO - Live monitoring json-styles/main.json for changes
2024-11-23 15:41:18,651 - INFO - all icons have been checked and missing icons generated!
2024-11-23 15:44:23,220 - INFO - Live monitoring Qss/scss/defaultStyle.scss file for changes
2024-11-23 15:44:23,221 - INFO - Live monitoring json-styles/main.json for changes
2024-11-23 15:44:24,657 - INFO - all icons have been checked and missing icons generated!
2024-11-23 15:45:20,290 - INFO - Live monitoring Qss/scss/defaultStyle.scss file for changes
2024-11-23 15:45:20,290 - INFO - Live monitoring json-styles/main.json for changes
2024-11-23 15:45:21,200 - INFO - all icons have been checked and missing icons generated!
2024-11-23 15:46:38,744 - INFO - Live monitoring Qss/scss/defaultStyle.scss file for changes
2024-11-23 15:46:38,745 - INFO - Live monitoring json-styles/main.json for changes
2024-11-23 15:46:40,034 - INFO - all icons have been checked and missing icons generated!
2024-11-23 15:47:49,215 - INFO - Live monitoring Qss/scss/defaultStyle.scss file for changes
2024-11-23 15:47:49,216 - INFO - Live monitoring json-styles/main.json for changes
2024-11-23 15:47:50,624 - INFO - all icons have been checked and missing icons generated!
2024-11-23 15:51:19,084 - INFO - Live monitoring Qss/scss/defaultStyle.scss file for changes
2024-11-23 15:51:19,084 - INFO - Live monitoring json-styles/main.json for changes
2024-11-23 15:51:20,577 - INFO - all icons have been checked and missing icons generated!
2024-11-23 15:52:37,526 - INFO - Live monitoring Qss/scss/defaultStyle.scss file for changes
2024-11-23 15:52:37,527 - INFO - Live monitoring json-styles/main.json for changes
2024-11-23 15:52:38,829 - INFO - all icons have been checked and missing icons generated!
2024-11-23 15:53:09,411 - INFO - Live monitoring Qss/scss/defaultStyle.scss file for changes
2024-11-23 15:53:09,412 - INFO - Live monitoring json-styles/main.json for changes
2024-11-23 15:53:10,819 - INFO - all icons have been checked and missing icons generated!
2024-11-23 15:53:54,408 - INFO - Live monitoring Qss/scss/defaultStyle.scss file for changes
2024-11-23 15:53:54,409 - INFO - Live monitoring json-styles/main.json for changes
2024-11-23 15:53:55,344 - INFO - all icons have been checked and missing icons generated!
2024-11-23 15:55:03,989 - INFO - Live monitoring Qss/scss/defaultStyle.scss file for changes
2024-11-23 15:55:03,989 - INFO - Live monitoring json-styles/main.json for changes
2024-11-23 15:55:05,407 - INFO - all icons have been checked and missing icons generated!
2024-11-23 15:56:10,305 - INFO - Live monitoring Qss/scss/defaultStyle.scss file for changes
2024-11-23 15:56:10,306 - INFO - Live monitoring json-styles/main.json for changes
2024-11-23 15:56:11,422 - INFO - all icons have been checked and missing icons generated!
2024-11-23 15:57:16,938 - INFO - Live monitoring Qss/scss/defaultStyle.scss file for changes
2024-11-23 15:57:16,939 - INFO - Live monitoring json-styles/main.json for changes
2024-11-23 15:57:18,475 - INFO - all icons have been checked and missing icons generated!
2024-11-23 15:59:28,925 - INFO - Live monitoring Qss/scss/defaultStyle.scss file for changes
2024-11-23 15:59:28,926 - INFO - Live monitoring json-styles/main.json for changes
2024-11-23 15:59:30,555 - INFO - all icons have been checked and missing icons generated!
2024-11-23 16:02:14,674 - INFO - Live monitoring Qss/scss/defaultStyle.scss file for changes
2024-11-23 16:02:14,674 - INFO - Live monitoring json-styles/main.json for changes
2024-11-23 16:02:16,802 - INFO - all icons have been checked and missing icons generated!
2024-11-23 16:03:26,853 - INFO - Live monitoring Qss/scss/defaultStyle.scss file for changes
2024-11-23 16:03:26,854 - INFO - Live monitoring json-styles/main.json for changes
2024-11-23 16:03:28,293 - INFO - all icons have been checked and missing icons generated!
2024-11-23 16:04:33,611 - DEBUG - STREAM b'IHDR' 16 13
2024-11-23 16:04:33,611 - DEBUG - STREAM b'IDAT' 41 65536
2024-11-23 16:04:42,116 - DEBUG - STREAM b'IHDR' 16 13
2024-11-23 16:04:42,117 - DEBUG - STREAM b'IDAT' 41 8192
2024-11-23 16:07:40,302 - INFO - Live monitoring Qss/scss/defaultStyle.scss file for changes
2024-11-23 16:07:40,303 - INFO - Live monitoring json-styles/main.json for changes
2024-11-23 16:07:41,685 - INFO - all icons have been checked and missing icons generated!
2024-11-23 16:10:40,107 - DEBUG - STREAM b'IHDR' 16 13
2024-11-23 16:10:40,108 - DEBUG - STREAM b'IDAT' 41 65536
2024-11-23 16:10:47,842 - DEBUG - STREAM b'IHDR' 16 13
2024-11-23 16:10:47,842 - DEBUG - STREAM b'IDAT' 41 8192
2024-11-25 08:16:47,421 - INFO - Live monitoring Qss/scss/defaultStyle.scss file for changes
2024-11-25 08:16:47,424 - INFO - Live monitoring json-styles/main.json for changes
2024-11-25 08:16:51,484 - INFO - all icons have been checked and missing icons generated!
2024-11-25 08:19:02,087 - DEBUG - STREAM b'IHDR' 16 13
2024-11-25 08:19:02,089 - DEBUG - STREAM b'IDAT' 41 65536
2024-11-25 08:19:26,578 - DEBUG - STREAM b'IHDR' 16 13
2024-11-25 08:19:26,579 - DEBUG - STREAM b'IDAT' 41 8192
2024-11-25 08:19:43,604 - DEBUG - STREAM b'IHDR' 16 13
2024-11-25 08:19:43,605 - DEBUG - STREAM b'IDAT' 41 8192
2024-11-25 08:22:47,011 - INFO - Live monitoring Qss/scss/defaultStyle.scss file for changes
2024-11-25 08:22:47,015 - INFO - Live monitoring json-styles/main.json for changes
2024-11-25 08:22:50,167 - INFO - all icons have been checked and missing icons generated!
2024-11-25 08:24:15,675 - DEBUG - STREAM b'IHDR' 16 13
2024-11-25 08:24:15,675 - DEBUG - STREAM b'IDAT' 41 65536
2024-11-25 08:24:26,832 - DEBUG - STREAM b'IHDR' 16 13
2024-11-25 08:24:26,834 - DEBUG - STREAM b'IDAT' 41 8192
2024-11-25 08:26:21,586 - DEBUG - STREAM b'IHDR' 16 13
2024-11-25 08:26:21,586 - DEBUG - STREAM b'IDAT' 41 8192
2024-11-25 08:26:36,452 - DEBUG - STREAM b'IHDR' 16 13
2024-11-25 08:26:36,452 - DEBUG - STREAM b'IDAT' 41 65536
2024-11-25 08:27:39,600 - INFO - Live monitoring Qss/scss/defaultStyle.scss file for changes
2024-11-25 08:27:39,602 - INFO - Live monitoring json-styles/main.json for changes
2024-11-25 08:27:43,314 - INFO - all icons have been checked and missing icons generated!
2024-11-25 08:30:18,155 - DEBUG - STREAM b'IHDR' 16 13
2024-11-25 08:30:18,158 - DEBUG - STREAM b'IDAT' 41 65536
2024-11-25 08:31:17,436 - DEBUG - STREAM b'IHDR' 16 13
2024-11-25 08:31:17,437 - DEBUG - STREAM b'IDAT' 41 8192
2024-11-25 08:33:56,016 - INFO - Live monitoring Qss/scss/defaultStyle.scss file for changes
2024-11-25 08:33:56,017 - INFO - Live monitoring json-styles/main.json for changes
2024-11-25 08:33:59,977 - INFO - all icons have been checked and missing icons generated!
2024-11-26 10:05:26,256 - INFO - Live monitoring Qss/scss/defaultStyle.scss file for changes
2024-11-26 10:05:26,262 - INFO - Live monitoring json-styles/main.json for changes
2024-11-26 10:05:28,840 - INFO - all icons have been checked and missing icons generated!
2024-11-26 10:13:18,350 - INFO - Live monitoring Qss/scss/defaultStyle.scss file for changes
2024-11-26 10:13:18,351 - INFO - Live monitoring json-styles/main.json for changes
2024-11-26 10:13:19,828 - INFO - all icons have been checked and missing icons generated!
2024-11-26 10:13:55,494 - INFO - Live monitoring Qss/scss/defaultStyle.scss file for changes
2024-11-26 10:13:55,495 - INFO - Live monitoring json-styles/main.json for changes
2024-11-26 10:13:56,346 - INFO - all icons have been checked and missing icons generated!
2024-11-26 10:14:21,792 - DEBUG - STREAM b'IHDR' 16 13
2024-11-26 10:14:21,792 - DEBUG - STREAM b'IDAT' 41 65536
2024-11-26 10:14:28,268 - DEBUG - STREAM b'IHDR' 16 13
2024-11-26 10:14:28,268 - DEBUG - STREAM b'IDAT' 41 8192
2024-11-26 22:30:31,440 - INFO - Live monitoring Qss/scss/defaultStyle.scss file for changes
2024-11-26 22:30:31,444 - INFO - Live monitoring json-styles/main.json for changes
2024-11-26 22:31:02,091 - INFO - Live monitoring Qss/scss/defaultStyle.scss file for changes
2024-11-26 22:31:02,095 - INFO - Live monitoring json-styles/main.json for changes
2024-11-26 22:31:06,027 - INFO - all icons have been checked and missing icons generated!
2024-11-26 22:32:24,336 - DEBUG - STREAM b'IHDR' 16 13
2024-11-26 22:32:24,339 - DEBUG - STREAM b'IDAT' 41 65536
2024-11-26 22:32:33,549 - DEBUG - STREAM b'IHDR' 16 13
2024-11-26 22:32:33,549 - DEBUG - STREAM b'IDAT' 41 8192
2024-11-26 22:32:59,653 - DEBUG - STREAM b'IHDR' 16 13
2024-11-26 22:32:59,653 - DEBUG - STREAM b'IDAT' 41 65536
2024-11-26 22:33:11,694 - DEBUG - STREAM b'IHDR' 16 13
2024-11-26 22:33:11,695 - DEBUG - STREAM b'IDAT' 41 8192
2024-11-26 22:40:01,629 - INFO - Live monitoring Qss/scss/defaultStyle.scss file for changes
2024-11-26 22:40:01,636 - INFO - Live monitoring json-styles/main.json for changes
2024-11-26 22:40:04,516 - INFO - all icons have been checked and missing icons generated!
2024-11-26 22:40:54,227 - INFO - Live monitoring Qss/scss/defaultStyle.scss file for changes
2024-11-26 22:40:54,229 - INFO - Live monitoring json-styles/main.json for changes
2024-11-26 22:40:56,566 - INFO - all icons have been checked and missing icons generated!
2024-11-26 22:41:23,245 - DEBUG - STREAM b'IHDR' 16 13
2024-11-26 22:41:23,245 - DEBUG - STREAM b'IDAT' 41 65536
2024-11-26 22:42:33,100 - INFO - Live monitoring Qss/scss/defaultStyle.scss file for changes
2024-11-26 22:42:33,101 - INFO - Live monitoring json-styles/main.json for changes
2024-11-26 22:42:36,018 - INFO - all icons have been checked and missing icons generated!
2024-11-26 22:42:43,356 - DEBUG - STREAM b'IHDR' 16 13
2024-11-26 22:42:43,356 - DEBUG - STREAM b'IDAT' 41 8192
2024-11-26 22:42:52,426 - DEBUG - STREAM b'IHDR' 16 13
2024-11-26 22:42:52,427 - DEBUG - STREAM b'IDAT' 41 65536
2024-11-26 22:44:08,017 - INFO - Live monitoring Qss/scss/defaultStyle.scss file for changes
2024-11-26 22:44:08,026 - INFO - Live monitoring json-styles/main.json for changes
2024-11-26 22:44:10,581 - INFO - all icons have been checked and missing icons generated!
2024-11-26 22:44:14,571 - DEBUG - STREAM b'IHDR' 16 13
2024-11-26 22:44:14,571 - DEBUG - STREAM b'IDAT' 41 65536
2024-11-26 22:44:25,884 - DEBUG - STREAM b'IHDR' 16 13
2024-11-26 22:44:25,884 - DEBUG - STREAM b'IDAT' 41 8192
2024-11-27 09:25:07,482 - INFO - Live monitoring Qss/scss/defaultStyle.scss file for changes
2024-11-27 09:25:07,485 - INFO - Live monitoring json-styles/main.json for changes
2024-11-27 09:25:09,368 - INFO - all icons have been checked and missing icons generated!
2024-11-27 09:25:30,865 - INFO - ('Current icons color ', 'black', 'New icons color', '#fefefe')
2024-11-27 09:25:30,867 - INFO - Generating icons for your theme, please wait. This may take long
2024-11-27 09:25:45,219 - INFO - ('Current icons color ', '#fefefe', 'New icons color', '#FFFFFF')
2024-11-27 09:25:45,220 - INFO - Generating icons for your theme, please wait. This may take long
2024-11-27 09:26:09,705 - INFO - ('Current icons color ', '#FFFFFF', 'New icons color', '#fefefe')
2024-11-27 09:26:09,705 - INFO - Generating icons for your theme, please wait. This may take long
2024-11-27 10:04:15,719 - INFO - Live monitoring Qss/scss/defaultStyle.scss file for changes
2024-11-27 10:04:15,721 - INFO - Live monitoring json-styles/main.json for changes
2024-11-27 10:04:17,237 - INFO - all icons have been checked and missing icons generated!
2024-11-27 10:04:39,080 - INFO - Live monitoring Qss/scss/defaultStyle.scss file for changes
2024-11-27 10:04:39,080 - INFO - Live monitoring json-styles/main.json for changes
2024-11-27 10:04:40,641 - INFO - all icons have been checked and missing icons generated!
2024-11-27 10:05:06,689 - DEBUG - STREAM b'IHDR' 16 13
2024-11-27 10:05:06,689 - DEBUG - STREAM b'IDAT' 41 65536
2024-11-27 10:05:12,649 - DEBUG - STREAM b'IHDR' 16 13
2024-11-27 10:05:12,650 - DEBUG - STREAM b'IDAT' 41 8192
2024-11-29 12:58:16,949 - INFO - Live monitoring Qss/scss/defaultStyle.scss file for changes
2024-11-29 12:58:16,959 - INFO - Live monitoring json-styles/main.json for changes
2024-11-29 12:58:19,986 - INFO - all icons have been checked and missing icons generated!
2024-11-29 13:00:35,818 - INFO - Live monitoring Qss/scss/defaultStyle.scss file for changes
2024-11-29 13:00:35,820 - INFO - Live monitoring json-styles/main.json for changes
2024-11-29 13:00:40,414 - INFO - all icons have been checked and missing icons generated!
2024-11-29 13:03:37,900 - INFO - Live monitoring Qss/scss/defaultStyle.scss file for changes
2024-11-29 13:03:37,901 - INFO - Live monitoring json-styles/main.json for changes
2024-11-29 13:03:40,098 - INFO - all icons have been checked and missing icons generated!
2024-11-29 13:10:54,094 - INFO - Live monitoring Qss/scss/defaultStyle.scss file for changes
2024-11-29 13:10:54,101 - INFO - Live monitoring json-styles/main.json for changes
2024-11-29 13:10:57,728 - INFO - all icons have been checked and missing icons generated!
2024-11-29 13:14:59,876 - INFO - Live monitoring Qss/scss/defaultStyle.scss file for changes
2024-11-29 13:14:59,877 - INFO - Live monitoring json-styles/main.json for changes
2024-11-29 13:15:02,116 - INFO - all icons have been checked and missing icons generated!
2024-11-29 13:18:47,869 - INFO - Live monitoring Qss/scss/defaultStyle.scss file for changes
2024-11-29 13:18:47,871 - INFO - Live monitoring json-styles/main.json for changes
2024-11-29 13:18:50,549 - INFO - all icons have been checked and missing icons generated!
2025-01-04 09:58:59,477 - INFO - Live monitoring Qss/scss/defaultStyle.scss file for changes
2025-01-04 09:58:59,482 - INFO - Live monitoring json-styles/main.json for changes
2025-01-04 09:59:01,890 - INFO - all icons have been checked and missing icons generated!
2025-01-04 09:59:20,364 - INFO - ('Current icons color ', '#fefefe', 'New icons color', '#000000')
2025-01-04 09:59:20,364 - INFO - Generating icons for your theme, please wait. This may take long
2025-01-04 10:01:39,707 - INFO - Live monitoring Qss/scss/defaultStyle.scss file for changes
2025-01-04 10:01:39,709 - INFO - Live monitoring json-styles/main.json for changes
2025-01-04 10:01:41,844 - INFO - all icons have been checked and missing icons generated!
2025-01-04 10:04:58,725 - INFO - Live monitoring Qss/scss/defaultStyle.scss file for changes
2025-01-04 10:04:58,726 - INFO - Live monitoring json-styles/main.json for changes
2025-01-04 10:05:01,022 - INFO - all icons have been checked and missing icons generated!
2025-01-04 10:11:09,148 - INFO - Live monitoring Qss/scss/defaultStyle.scss file for changes
2025-01-04 10:11:09,149 - INFO - Live monitoring json-styles/main.json for changes
2025-01-04 10:11:10,334 - INFO - all icons have been checked and missing icons generated!
2025-01-04 10:28:56,786 - INFO - Live monitoring Qss/scss/defaultStyle.scss file for changes
2025-01-04 10:28:56,787 - INFO - Live monitoring json-styles/main.json for changes
2025-01-04 10:28:58,040 - INFO - all icons have been checked and missing icons generated!
2025-01-04 10:29:22,875 - DEBUG - STREAM b'IHDR' 16 13
2025-01-04 10:29:22,876 - DEBUG - STREAM b'IDAT' 41 65536
2025-01-04 10:29:37,304 - DEBUG - STREAM b'IHDR' 16 13
2025-01-04 10:29:37,305 - DEBUG - STREAM b'IDAT' 41 8192
2025-01-04 14:48:41,763 - INFO - Live monitoring Qss/scss/defaultStyle.scss file for changes
2025-01-04 14:48:41,768 - INFO - Live monitoring json-styles/main.json for changes
2025-01-04 14:48:43,803 - INFO - all icons have been checked and missing icons generated!
2025-01-04 14:49:12,143 - INFO - ('Current icons color ', '#000000', 'New icons color', '#fefefe')
2025-01-04 14:49:12,143 - INFO - Generating icons for your theme, please wait. This may take long
2025-01-04 14:49:15,719 - INFO - ('Current icons color ', '#fefefe', 'New icons color', '#FFFFFF')
2025-01-04 14:49:15,719 - INFO - Generating icons for your theme, please wait. This may take long
2025-01-04 14:49:18,533 - INFO - ('Current icons color ', '#FFFFFF', 'New icons color', '#000000')
2025-01-04 14:49:18,533 - INFO - Generating icons for your theme, please wait. This may take long
2025-01-04 14:49:57,680 - DEBUG - STREAM b'IHDR' 16 13
2025-01-04 14:49:57,680 - DEBUG - STREAM b'IDAT' 41 65536
2025-01-04 14:50:07,638 - DEBUG - STREAM b'IHDR' 16 13
2025-01-04 14:50:07,638 - DEBUG - STREAM b'IDAT' 41 8192
2025-01-04 14:52:38,986 - INFO - Live monitoring Qss/scss/defaultStyle.scss file for changes
2025-01-04 14:52:38,987 - INFO - Live monitoring json-styles/main.json for changes
2025-01-04 14:52:42,262 - INFO - all icons have been checked and missing icons generated!
2025-01-04 15:00:07,454 - INFO - Live monitoring Qss/scss/defaultStyle.scss file for changes
2025-01-04 15:00:07,461 - INFO - Live monitoring json-styles/main.json for changes
2025-01-04 15:00:09,569 - INFO - all icons have been checked and missing icons generated!
2025-01-04 15:16:41,463 - INFO - Live monitoring Qss/scss/defaultStyle.scss file for changes
2025-01-04 15:16:41,465 - INFO - Live monitoring json-styles/main.json for changes
2025-01-04 15:16:43,753 - INFO - all icons have been checked and missing icons generated!
2025-01-04 15:17:53,609 - INFO - Live monitoring Qss/scss/defaultStyle.scss file for changes
2025-01-04 15:17:53,610 - INFO - Live monitoring json-styles/main.json for changes
2025-01-04 15:17:58,728 - INFO - Live monitoring Qss/scss/defaultStyle.scss file for changes
2025-01-04 15:17:58,729 - INFO - Live monitoring json-styles/main.json for changes
2025-01-04 15:17:59,861 - INFO - all icons have been checked and missing icons generated!
2025-01-04 15:18:08,850 - INFO - Live monitoring Qss/scss/defaultStyle.scss file for changes
2025-01-04 15:18:08,851 - INFO - Live monitoring json-styles/main.json for changes
2025-01-04 15:18:09,893 - INFO - all icons have been checked and missing icons generated!
2025-01-04 15:20:29,512 - INFO - Live monitoring Qss/scss/defaultStyle.scss file for changes
2025-01-04 15:20:29,513 - INFO - Live monitoring json-styles/main.json for changes
2025-01-04 15:20:30,943 - INFO - all icons have been checked and missing icons generated!
2025-01-04 15:24:05,802 - INFO - Live monitoring Qss/scss/defaultStyle.scss file for changes
2025-01-04 15:24:05,803 - INFO - Live monitoring json-styles/main.json for changes
2025-01-04 15:24:07,607 - INFO - all icons have been checked and missing icons generated!
2025-01-04 15:25:25,371 - INFO - Live monitoring Qss/scss/defaultStyle.scss file for changes
2025-01-04 15:25:25,373 - INFO - Live monitoring json-styles/main.json for changes
2025-01-04 15:25:27,026 - INFO - all icons have been checked and missing icons generated!
2025-01-04 15:27:10,271 - INFO - Live monitoring Qss/scss/defaultStyle.scss file for changes
2025-01-04 15:27:10,272 - INFO - Live monitoring json-styles/main.json for changes
2025-01-04 15:27:12,047 - INFO - all icons have been checked and missing icons generated!
2025-01-04 15:30:23,665 - INFO - Live monitoring Qss/scss/defaultStyle.scss file for changes
2025-01-04 15:30:23,666 - INFO - Live monitoring json-styles/main.json for changes
2025-01-04 15:30:25,035 - INFO - all icons have been checked and missing icons generated!
2025-01-04 15:31:18,545 - INFO - Live monitoring Qss/scss/defaultStyle.scss file for changes
2025-01-04 15:31:18,546 - INFO - Live monitoring json-styles/main.json for changes
2025-01-04 15:31:19,878 - INFO - all icons have been checked and missing icons generated!
2025-01-04 15:34:06,185 - INFO - Live monitoring Qss/scss/defaultStyle.scss file for changes
2025-01-04 15:34:06,186 - INFO - Live monitoring json-styles/main.json for changes
2025-01-04 15:34:07,645 - INFO - all icons have been checked and missing icons generated!
2025-01-04 15:40:58,654 - ERROR - Error loading your JSON files: 'D:\PyThon Pj\Ransomware\server\json-styles\main.json' does not exist
2025-01-04 15:43:14,643 - ERROR - Error loading your JSON files: 'D:\PyThon Pj\Ransomware\server\json-styles\main.json' does not exist
2025-01-04 15:51:53,275 - INFO - Live monitoring Qss/scss/defaultStyle.scss file for changes
2025-01-04 15:51:53,278 - INFO - Live monitoring json-styles/main.json for changes
2025-01-04 15:51:55,007 - INFO - all icons have been checked and missing icons generated!
2025-01-04 15:52:57,077 - INFO - Live monitoring Qss/scss/defaultStyle.scss file for changes
2025-01-04 15:52:57,081 - INFO - Live monitoring json-styles/main.json for changes
2025-01-04 15:52:58,914 - INFO - all icons have been checked and missing icons generated!
2025-01-04 15:53:22,946 - DEBUG - STREAM b'IHDR' 16 13
2025-01-04 15:53:22,946 - DEBUG - STREAM b'IDAT' 41 65536
2025-01-04 15:53:31,040 - DEBUG - STREAM b'IHDR' 16 13
2025-01-04 15:53:31,041 - DEBUG - STREAM b'IDAT' 41 8192
